This is LuaHBTeX, Version 1.18.0 (TeX Live 2024)  (format=lualatex 2024.7.8)  16 APR 2026 09:19
 restricted system commands enabled.
**"Analysis II Notes.tex"
("./Analysis II Notes.tex"
LaTeX2e <2024-06-01> patch level 2
L3 programming layer <2024-05-27>
Lua module: luaotfload 2024-02-14 3.28 Lua based OpenType font support
Lua module: lualibs 2023-07-13 2.76 ConTeXt Lua standard libraries.
Lua module: lualibs-extended 2023-07-13 2.76 ConTeXt Lua libraries -- extended c
ollection.
luaotfload | conf : Root cache directory is "C:/texlive/2024/texmf-var/luatex-ca
che/generic/names".
luaotfload | init : Loading fontloader "fontloader-2023-12-28.lua" from kpse-res
olved path "c:/texlive/2024/texmf-dist/tex/luatex/luaotfload/fontloader-2023-12-
28.lua".
Lua-only attribute luaotfload@noligature = 1
luaotfload | init : Context OpenType loader version 3.134
Inserting `luaotfload.node_processor' in `pre_linebreak_filter'.
Inserting `luaotfload.node_processor' in `hpack_filter'.
Inserting `luaotfload.glyph_stream' in `glyph_stream_provider'.
Inserting `luaotfload.define_font' in `define_font'.
Lua-only attribute luaotfload_color_attribute = 2
luaotfload | conf : Root cache directory is "C:/texlive/2024/texmf-var/luatex-ca
che/generic/names".
Inserting `luaotfload.harf.strip_prefix' in `find_opentype_file'.
Inserting `luaotfload.harf.strip_prefix' in `find_truetype_file'.
Removing  `luaotfload.glyph_stream' from `glyph_stream_provider'.
Inserting `luaotfload.harf.glyphstream' in `glyph_stream_provider'.
Inserting `luaotfload.harf.finalize_vlist' in `post_linebreak_filter'.
Inserting `luaotfload.harf.finalize_hlist' in `hpack_filter'.
Inserting `luaotfload.cleanup_files' in `wrapup_run'.
Inserting `luaotfload.harf.finalize_unicode' in `finish_pdffile'.
Inserting `luaotfload.glyphinfo' in `glyph_info'.
Lua-only attribute luaotfload.letterspace_done = 3
Inserting `luaotfload.aux.set_sscale_dimens' in `luaotfload.patch_font'.
Inserting `luaotfload.aux.set_font_index' in `luaotfload.patch_font'.
Inserting `luaotfload.aux.patch_cambria_domh' in `luaotfload.patch_font'.
Inserting `luaotfload.aux.fixup_fontdata' in `luaotfload.patch_font_unsafe'.
Inserting `luaotfload.aux.set_capheight' in `luaotfload.patch_font'.
Inserting `luaotfload.aux.set_xheight' in `luaotfload.patch_font'.
Inserting `luaotfload.rewrite_fontname' in `luaotfload.patch_font'.
Inserting `tracingstacklevels' in `input_level_string'. (c:/texlive/2024/texmf-
dist/tex/latex/base/article.cls
Document Class: article 2024/02/08 v1.4n Standard LaTeX document class
(c:/texlive/2024/texmf-dist/tex/latex/base/size10.clo
File: size10.clo 2024/02/08 v1.4n Standard LaTeX file (size option)
luaotfload | db : Font names database loaded from C:/texlive/2024/texmf-var/luat
ex-cache/generic/names/luaotfload-names.luc.gz)
\c@part=\count192
\c@section=\count193
\c@subsection=\count194
\c@subsubsection=\count195
\c@paragraph=\count196
\c@subparagraph=\count197
\c@figure=\count198
\c@table=\count199
\abovecaptionskip=\skip49
\belowcaptionskip=\skip50
\bibindent=\dimen140
) (../AMadhava.sty
(c:/texlive/2024/texmf-dist/tex/latex/fontspec/fontspec.sty
(c:/texlive/2024/texmf-dist/tex/latex/l3packages/xparse/xparse.sty
(c:/texlive/2024/texmf-dist/tex/latex/l3kernel/expl3.sty
Package: expl3 2024-05-27 L3 programming layer (loader) 

(c:/texlive/2024/texmf-dist/tex/latex/l3backend/l3backend-luatex.def
File: l3backend-luatex.def 2024-05-08 L3 backend support: PDF output (LuaTeX)
\l__color_backend_stack_int=\count266
Inserting `l3color' in `luaotfload.parse_color'.
\l__pdf_internal_box=\box52
))
Package: xparse 2024-05-08 L3 Experimental document command parser
)
Package: fontspec 2024/05/11 v2.9e Font selection for XeLaTeX and LuaLaTeX
Lua module: fontspec 2024/05/11 2.9e Font selection for XeLaTeX and LuaLaTeX
(c:/texlive/2024/texmf-dist/tex/latex/fontspec/fontspec-luatex.sty
Package: fontspec-luatex 2024/05/11 v2.9e Font selection for XeLaTeX and LuaLaT
eX
\l__fontspec_script_int=\count267
\l__fontspec_language_int=\count268
\l__fontspec_strnum_int=\count269
\l__fontspec_tmp_int=\count270
\l__fontspec_tmpa_int=\count271
\l__fontspec_tmpb_int=\count272
\l__fontspec_tmpc_int=\count273
\l__fontspec_em_int=\count274
\l__fontspec_emdef_int=\count275
\l__fontspec_strong_int=\count276
\l__fontspec_strongdef_int=\count277
\l__fontspec_tmpa_dim=\dimen141
\l__fontspec_tmpb_dim=\dimen142
\l__fontspec_tmpc_dim=\dimen143

(c:/texlive/2024/texmf-dist/tex/latex/base/fontenc.sty
Package: fontenc 2021/04/29 v2.0v Standard LaTeX package
)
(c:/texlive/2024/texmf-dist/tex/latex/fontspec/fontspec.cfg)))
luaotfload | cache : Lookup cache loaded from C:/texlive/2024/texmf-var/luatex-c
ache/generic/names/luaotfload-lookup-cache.luc.

Package fontspec Info: 
(fontspec)             Font family 'NotoSerif(0)' created for font 'Noto
(fontspec)             Serif' with options [Ligatures=TeX].
(fontspec)              
(fontspec)              This font family consists of the following NFSS
(fontspec)             series/shapes:
(fontspec)              
(fontspec)             - 'normal' (m/n) with NFSS spec.: <->"name:Noto
(fontspec)             Serif:mode=node;script=latn;language=dflt;+tlig;"
(fontspec)             - 'small caps'  (m/sc) with NFSS spec.: <->"name:Noto
(fontspec)             Serif:mode=node;script=latn;language=dflt;+tlig;+smcp;"
(fontspec)             - 'bold' (b/n) with NFSS spec.: <->"name:Noto
(fontspec)             Serif/B:mode=node;script=latn;language=dflt;+tlig;"
(fontspec)             - 'bold small caps'  (b/sc) with NFSS spec.:
(fontspec)             <->"name:Noto
(fontspec)             Serif/B:mode=node;script=latn;language=dflt;+tlig;+smcp;
"
(fontspec)             - 'italic' (m/it) with NFSS spec.: <->"name:Noto
(fontspec)             Serif/I:mode=node;script=latn;language=dflt;+tlig;"
(fontspec)             - 'italic small caps'  (m/scit) with NFSS spec.:
(fontspec)             <->"name:Noto
(fontspec)             Serif/I:mode=node;script=latn;language=dflt;+tlig;+smcp;
"
(fontspec)             - 'bold italic' (b/it) with NFSS spec.: <->"name:Noto
(fontspec)             Serif/BI:mode=node;script=latn;language=dflt;+tlig;"
(fontspec)             - 'bold italic small caps'  (b/scit) with NFSS spec.:
(fontspec)             <->"name:Noto
(fontspec)             Serif/BI:mode=node;script=latn;language=dflt;+tlig;+smcp
;"


(c:/texlive/2024/texmf-dist/tex/latex/notomath/notomath.sty
Package: notomath 2024/06/03 v1.031. (Michael Sharpe) Supports Noto text and ma
th fonts for LaTeX usage.

(c:/texlive/2024/texmf-dist/tex/latex/base/fontenc.sty
Package: fontenc 2021/04/29 v2.0v Standard LaTeX package
)
(c:/texlive/2024/texmf-dist/tex/latex/fontaxes/fontaxes.sty
Package: fontaxes 2020/07/21 v1.0e Font selection axes
LaTeX Info: Redefining \upshape on input line 29.
LaTeX Info: Redefining \itshape on input line 31.
LaTeX Info: Redefining \slshape on input line 33.
LaTeX Info: Redefining \swshape on input line 35.
LaTeX Info: Redefining \scshape on input line 37.
LaTeX Info: Redefining \sscshape on input line 39.
LaTeX Info: Redefining \ulcshape on input line 41.
LaTeX Info: Redefining \textsw on input line 47.
LaTeX Info: Redefining \textssc on input line 48.
LaTeX Info: Redefining \textulc on input line 49.
)
(c:/texlive/2024/texmf-dist/tex/latex/xkeyval/xkeyval.sty
Package: xkeyval 2022/06/16 v2.9 package option processing (HA)

(c:/texlive/2024/texmf-dist/tex/generic/xkeyval/xkeyval.tex
(c:/texlive/2024/texmf-dist/tex/generic/xkeyval/xkvutils.tex
\XKV@toks=\toks17
\XKV@tempa@toks=\toks18

(c:/texlive/2024/texmf-dist/tex/generic/xkeyval/keyval.tex))
\XKV@depth=\count278
File: xkeyval.tex 2014/12/03 v2.7a key=value parser (HA)
))
(c:/texlive/2024/texmf-dist/tex/latex/base/textcomp.sty
Package: textcomp 2024/04/24 v2.1b Standard LaTeX package
)
\notomath@dima=\dimen144

(c:/texlive/2024/texmf-dist/tex/latex/noto/noto-serif.sty
Package: noto-serif 2022/09/11 (Bob Tennent) Supports NotoSerif fonts for all L
aTeX engines.

(c:/texlive/2024/texmf-dist/tex/generic/iftex/ifxetex.sty
Package: ifxetex 2019/10/25 v0.7 ifxetex legacy package. Use iftex instead.

(c:/texlive/2024/texmf-dist/tex/generic/iftex/iftex.sty
Package: iftex 2022/02/03 v1.0f TeX engine tests
))
(c:/texlive/2024/texmf-dist/tex/generic/iftex/ifluatex.sty
Package: ifluatex 2019/10/25 v1.5 ifluatex legacy package. Use iftex instead.
)

Package fontspec Info: 
(fontspec)             Font family 'NotoSerif(1)' created for font 'NotoSerif'
(fontspec)             with options [Ligatures = TeX,Extension =
(fontspec)             .ttf,Ligatures=TeX,Numbers = {Monospaced,
(fontspec)             Lining},SmallCapsFeatures={Letters=SmallCaps},UprightFon
t
(fontspec)             = *-Regular,ItalicFont = *-Italic,BoldFont =
(fontspec)             *-Bold,BoldItalicFont = *-BoldItalic].
(fontspec)              
(fontspec)              This font family consists of the following NFSS
(fontspec)             series/shapes:
(fontspec)              
(fontspec)             - 'normal' (m/n) with NFSS spec.:
(fontspec)             <->"[NotoSerif-Regular.ttf]:mode=node;script=latn;langua
ge=dflt;+tlig;+tnum;+lnum;"
(fontspec)             - 'small caps'  (m/sc) with NFSS spec.:
(fontspec)             <->"[NotoSerif-Regular.ttf]:mode=node;script=latn;langua
ge=dflt;+tlig;+tnum;+lnum;+smcp;"
(fontspec)             - 'bold' (b/n) with NFSS spec.:
(fontspec)             <->"[NotoSerif-Bold.ttf]:mode=node;script=latn;language=
dflt;+tlig;+tnum;+lnum;"
(fontspec)             - 'bold small caps'  (b/sc) with NFSS spec.:
(fontspec)             <->"[NotoSerif-Bold.ttf]:mode=node;script=latn;language=
dflt;+tlig;+tnum;+lnum;+smcp;"
(fontspec)             - 'italic' (m/it) with NFSS spec.:
(fontspec)             <->"[NotoSerif-Italic.ttf]:mode=node;script=latn;languag
e=dflt;+tlig;+tnum;+lnum;"
(fontspec)             - 'italic small caps'  (m/scit) with NFSS spec.:
(fontspec)             <->"[NotoSerif-Italic.ttf]:mode=node;script=latn;languag
e=dflt;+tlig;+tnum;+lnum;+smcp;"
(fontspec)             - 'bold italic' (b/it) with NFSS spec.:
(fontspec)             <->"[NotoSerif-BoldItalic.ttf]:mode=node;script=latn;lan
guage=dflt;+tlig;+tnum;+lnum;"
(fontspec)             - 'bold italic small caps'  (b/scit) with NFSS spec.:
(fontspec)             <->"[NotoSerif-BoldItalic.ttf]:mode=node;script=latn;lan
guage=dflt;+tlig;+tnum;+lnum;+smcp;"


Package fontspec Info: 
(fontspec)             Font family 'NotoSerif(2)' created for font 'NotoSerif'
(fontspec)             with options [Ligatures = TeX,Extension = .ttf,Numbers
(fontspec)             = {Monospaced,
(fontspec)             Lining},SmallCapsFeatures={Letters=SmallCaps},UprightFon
t
(fontspec)             = *-Regular,ItalicFont = *-Italic,BoldFont =
(fontspec)             *-Bold,BoldItalicFont = *-BoldItalic].
(fontspec)              
(fontspec)              This font family consists of the following NFSS
(fontspec)             series/shapes:
(fontspec)              
(fontspec)             - 'normal' (m/n) with NFSS spec.:
(fontspec)             <->"[NotoSerif-Regular.ttf]:mode=node;script=latn;langua
ge=dflt;+tlig;+tnum;+lnum;"
(fontspec)             - 'small caps'  (m/sc) with NFSS spec.:
(fontspec)             <->"[NotoSerif-Regular.ttf]:mode=node;script=latn;langua
ge=dflt;+tlig;+tnum;+lnum;+smcp;"
(fontspec)             - 'bold' (b/n) with NFSS spec.:
(fontspec)             <->"[NotoSerif-Bold.ttf]:mode=node;script=latn;language=
dflt;+tlig;+tnum;+lnum;"
(fontspec)             - 'bold small caps'  (b/sc) with NFSS spec.:
(fontspec)             <->"[NotoSerif-Bold.ttf]:mode=node;script=latn;language=
dflt;+tlig;+tnum;+lnum;+smcp;"
(fontspec)             - 'italic' (m/it) with NFSS spec.:
(fontspec)             <->"[NotoSerif-Italic.ttf]:mode=node;script=latn;languag
e=dflt;+tlig;+tnum;+lnum;"
(fontspec)             - 'italic small caps'  (m/scit) with NFSS spec.:
(fontspec)             <->"[NotoSerif-Italic.ttf]:mode=node;script=latn;languag
e=dflt;+tlig;+tnum;+lnum;+smcp;"
(fontspec)             - 'bold italic' (b/it) with NFSS spec.:
(fontspec)             <->"[NotoSerif-BoldItalic.ttf]:mode=node;script=latn;lan
guage=dflt;+tlig;+tnum;+lnum;"
(fontspec)             - 'bold italic small caps'  (b/scit) with NFSS spec.:
(fontspec)             <->"[NotoSerif-BoldItalic.ttf]:mode=node;script=latn;lan
guage=dflt;+tlig;+tnum;+lnum;+smcp;"

)
(c:/texlive/2024/texmf-dist/tex/latex/noto/noto-sans.sty
Package: noto-sans 2022/09/11 (Bob Tennent) Supports NotoSans fonts for all LaT
eX engines.

Package fontspec Info: 
(fontspec)             NotoSans-Regular scale = 0.9.


Package fontspec Info: 
(fontspec)             NotoSans-Regular scale = 0.9.


Package fontspec Info: 
(fontspec)             NotoSans-Regular scale = 0.9.


Package fontspec Info: 
(fontspec)             NotoSans-Bold scale = 0.9.


Package fontspec Info: 
(fontspec)             NotoSans-Bold scale = 0.9.


Package fontspec Info: 
(fontspec)             NotoSans-Italic scale = 0.9.


Package fontspec Info: 
(fontspec)             NotoSans-Italic scale = 0.9.


Package fontspec Info: 
(fontspec)             NotoSans-BoldItalic scale = 0.9.


Package fontspec Info: 
(fontspec)             NotoSans-BoldItalic scale = 0.9.


Package fontspec Info: 
(fontspec)             Font family 'NotoSans(0)' created for font 'NotoSans'
(fontspec)             with options [Ligatures = TeX,Extension =
(fontspec)             .ttf,Ligatures=TeX,Scale = 0.9,Numbers = {Monospaced,
(fontspec)             Lining},SmallCapsFeatures={Letters=SmallCaps},UprightFon
t
(fontspec)             = *-Regular,ItalicFont = *-Italic,BoldFont =
(fontspec)             *-Bold,BoldItalicFont = *-BoldItalic].
(fontspec)              
(fontspec)              This font family consists of the following NFSS
(fontspec)             series/shapes:
(fontspec)              
(fontspec)             - 'normal' (m/n) with NFSS spec.:
(fontspec)             <->s*[0.9]"[NotoSans-Regular.ttf]:mode=node;script=latn;
language=dflt;+tlig;+tnum;+lnum;"
(fontspec)             - 'small caps'  (m/sc) with NFSS spec.:
(fontspec)             <->s*[0.9]"[NotoSans-Regular.ttf]:mode=node;script=latn;
language=dflt;+tlig;+tnum;+lnum;+smcp;"
(fontspec)             - 'bold' (b/n) with NFSS spec.:
(fontspec)             <->s*[0.9]"[NotoSans-Bold.ttf]:mode=node;script=latn;lan
guage=dflt;+tlig;+tnum;+lnum;"
(fontspec)             - 'bold small caps'  (b/sc) with NFSS spec.:
(fontspec)             <->s*[0.9]"[NotoSans-Bold.ttf]:mode=node;script=latn;lan
guage=dflt;+tlig;+tnum;+lnum;+smcp;"
(fontspec)             - 'italic' (m/it) with NFSS spec.:
(fontspec)             <->s*[0.9]"[NotoSans-Italic.ttf]:mode=node;script=latn;l
anguage=dflt;+tlig;+tnum;+lnum;"
(fontspec)             - 'italic small caps'  (m/scit) with NFSS spec.:
(fontspec)             <->s*[0.9]"[NotoSans-Italic.ttf]:mode=node;script=latn;l
anguage=dflt;+tlig;+tnum;+lnum;+smcp;"
(fontspec)             - 'bold italic' (b/it) with NFSS spec.:
(fontspec)             <->s*[0.9]"[NotoSans-BoldItalic.ttf]:mode=node;script=la
tn;language=dflt;+tlig;+tnum;+lnum;"
(fontspec)             - 'bold italic small caps'  (b/scit) with NFSS spec.:
(fontspec)             <->s*[0.9]"[NotoSans-BoldItalic.ttf]:mode=node;script=la
tn;language=dflt;+tlig;+tnum;+lnum;+smcp;"


Package fontspec Info: 
(fontspec)             NotoSans-Regular scale = 0.9.


Package fontspec Info: 
(fontspec)             NotoSans-Regular scale = 0.9.


Package fontspec Info: 
(fontspec)             NotoSans-Regular scale = 0.9.


Package fontspec Info: 
(fontspec)             NotoSans-Bold scale = 0.9.


Package fontspec Info: 
(fontspec)             NotoSans-Bold scale = 0.9.


Package fontspec Info: 
(fontspec)             NotoSans-Italic scale = 0.9.


Package fontspec Info: 
(fontspec)             NotoSans-Italic scale = 0.9.


Package fontspec Info: 
(fontspec)             NotoSans-BoldItalic scale = 0.9.


Package fontspec Info: 
(fontspec)             NotoSans-BoldItalic scale = 0.9.


Package fontspec Info: 
(fontspec)             Font family 'NotoSans(1)' created for font 'NotoSans'
(fontspec)             with options [Ligatures = TeX,Extension = .ttf,Scale =
(fontspec)             0.9,Numbers = {Monospaced,
(fontspec)             Lining},SmallCapsFeatures={Letters=SmallCaps},UprightFon
t
(fontspec)             = *-Regular,ItalicFont = *-Italic,BoldFont =
(fontspec)             *-Bold,BoldItalicFont = *-BoldItalic].
(fontspec)              
(fontspec)              This font family consists of the following NFSS
(fontspec)             series/shapes:
(fontspec)              
(fontspec)             - 'normal' (m/n) with NFSS spec.:
(fontspec)             <->s*[0.9]"[NotoSans-Regular.ttf]:mode=node;script=latn;
language=dflt;+tlig;+tnum;+lnum;"
(fontspec)             - 'small caps'  (m/sc) with NFSS spec.:
(fontspec)             <->s*[0.9]"[NotoSans-Regular.ttf]:mode=node;script=latn;
language=dflt;+tlig;+tnum;+lnum;+smcp;"
(fontspec)             - 'bold' (b/n) with NFSS spec.:
(fontspec)             <->s*[0.9]"[NotoSans-Bold.ttf]:mode=node;script=latn;lan
guage=dflt;+tlig;+tnum;+lnum;"
(fontspec)             - 'bold small caps'  (b/sc) with NFSS spec.:
(fontspec)             <->s*[0.9]"[NotoSans-Bold.ttf]:mode=node;script=latn;lan
guage=dflt;+tlig;+tnum;+lnum;+smcp;"
(fontspec)             - 'italic' (m/it) with NFSS spec.:
(fontspec)             <->s*[0.9]"[NotoSans-Italic.ttf]:mode=node;script=latn;l
anguage=dflt;+tlig;+tnum;+lnum;"
(fontspec)             - 'italic small caps'  (m/scit) with NFSS spec.:
(fontspec)             <->s*[0.9]"[NotoSans-Italic.ttf]:mode=node;script=latn;l
anguage=dflt;+tlig;+tnum;+lnum;+smcp;"
(fontspec)             - 'bold italic' (b/it) with NFSS spec.:
(fontspec)             <->s*[0.9]"[NotoSans-BoldItalic.ttf]:mode=node;script=la
tn;language=dflt;+tlig;+tnum;+lnum;"
(fontspec)             - 'bold italic small caps'  (b/scit) with NFSS spec.:
(fontspec)             <->s*[0.9]"[NotoSans-BoldItalic.ttf]:mode=node;script=la
tn;language=dflt;+tlig;+tnum;+lnum;+smcp;"

LaTeX Info: Redefining \textsu on input line 146.
)
(c:/texlive/2024/texmf-dist/tex/latex/newtx/newtxmath.sty
Package: newtxmath 2024/07/05 v1.752

`newtxmath' v1.752, 2024/07/05 Math macros based originally on txfonts (msharpe
) (c:/texlive/2024/texmf-dist/tex/latex/amsmath/amsmath.sty
Package: amsmath 2024/05/23 v2.17q AMS math features
\@mathmargin=\skip51

For additional information on amsmath, use the `?' option.
(c:/texlive/2024/texmf-dist/tex/latex/amsmath/amstext.sty
Package: amstext 2021/08/26 v2.01 AMS text

(c:/texlive/2024/texmf-dist/tex/latex/amsmath/amsgen.sty
File: amsgen.sty 1999/11/30 v2.0 generic functions
\@emptytoks=\toks19
\ex@=\dimen145
))
(c:/texlive/2024/texmf-dist/tex/latex/amsmath/amsbsy.sty
Package: amsbsy 1999/11/29 v1.2d Bold Symbols
\pmbraise@=\dimen146
)
(c:/texlive/2024/texmf-dist/tex/latex/amsmath/amsopn.sty
Package: amsopn 2022/04/08 v2.04 operator names
)
\inf@bad=\count279
LaTeX Info: Redefining \frac on input line 235.
\uproot@=\count280
\leftroot@=\count281
LaTeX Info: Redefining \overline on input line 398.
LaTeX Info: Redefining \colon on input line 409.
\classnum@=\count282
\DOTSCASE@=\count283
LaTeX Info: Redefining \ldots on input line 495.
LaTeX Info: Redefining \dots on input line 498.
LaTeX Info: Redefining \cdots on input line 619.
\Mathstrutbox@=\box53
\strutbox@=\box54
LaTeX Info: Redefining \big on input line 721.
LaTeX Info: Redefining \Big on input line 722.
LaTeX Info: Redefining \bigg on input line 723.
LaTeX Info: Redefining \Bigg on input line 724.
\big@size=\dimen147
LaTeX Font Info:    Redeclaring font encoding OML on input line 742.
LaTeX Font Info:    Redeclaring font encoding OMS on input line 743.
\macc@depth=\count284
LaTeX Info: Redefining \bmod on input line 904.
LaTeX Info: Redefining \pmod on input line 909.
LaTeX Info: Redefining \smash on input line 939.
LaTeX Info: Redefining \relbar on input line 969.
LaTeX Info: Redefining \Relbar on input line 970.
\c@MaxMatrixCols=\count285
\dotsspace@=\muskip17
\c@parentequation=\count286
\dspbrk@lvl=\count287
\tag@help=\toks20
\row@=\count288
\column@=\count289
\maxfields@=\count290
\andhelp@=\toks21
\eqnshift@=\dimen148
\alignsep@=\dimen149
\tagshift@=\dimen150
\tagwidth@=\dimen151
\totwidth@=\dimen152
\lineht@=\dimen153
\@envbody=\toks22
\multlinegap=\skip52
\multlinetaggap=\skip53
\mathdisplay@stack=\toks23
LaTeX Info: Redefining \[ on input line 2953.
LaTeX Info: Redefining \] on input line 2954.
)
(c:/texlive/2024/texmf-dist/tex/latex/base/ifthen.sty
Package: ifthen 2024/03/16 v1.1e Standard LaTeX ifthen package (DPC)
)
(c:/texlive/2024/texmf-dist/tex/latex/etoolbox/etoolbox.sty
Package: etoolbox 2020/10/05 v2.5k e-TeX tools for LaTeX (JAW)
\etb@tempcnta=\count291
)
(c:/texlive/2024/texmf-dist/tex/latex/oberdiek/centernot.sty
Package: centernot 2016/05/16 v1.4 Centers the not symbol horizontally (HO)
)
\tx@cntz=\count292

(c:/texlive/2024/texmf-dist/tex/generic/kastrup/binhex.tex)
\tx@Isdigit=\count293
\tx@IsAlNum=\count294
\tx@tA=\toks24
\tx@tB=\toks25
\tx@su=\read2

amsthm NOT loaded
LaTeX Font Info:    Redeclaring symbol font `operators' on input line 402.
LaTeX Font Info:    Overwriting symbol font `operators' in version `normal'
(Font)                  OT1/cmr/m/n --> OT1/NotoSerif-TLF/m/n on input line 402
.
LaTeX Font Info:    Overwriting symbol font `operators' in version `bold'
(Font)                  OT1/cmr/bx/n --> OT1/NotoSerif-TLF/m/n on input line 40
2.
LaTeX Font Info:    Overwriting symbol font `operators' in version `bold'
(Font)                  OT1/NotoSerif-TLF/m/n --> OT1/NotoSerif-TLF/b/n on inpu
t line 403.
LaTeX Font Info:    Redeclaring math alphabet \mathsf on input line 410.
LaTeX Font Info:    Overwriting math alphabet `\mathsf' in version `normal'
(Font)                  OT1/cmss/m/n --> OT1/NotoSans(0)/m/n on input line 410.

LaTeX Font Info:    Overwriting math alphabet `\mathsf' in version `bold'
(Font)                  OT1/cmss/bx/n --> OT1/NotoSans(0)/m/n on input line 410
.
LaTeX Font Info:    Overwriting math alphabet `\mathsf' in version `bold'
(Font)                  OT1/NotoSans(0)/m/n --> OT1/NotoSans(0)/b/n on input li
ne 412.
LaTeX Font Info:    Redeclaring math alphabet \mathit on input line 419.
LaTeX Font Info:    Overwriting math alphabet `\mathit' in version `normal'
(Font)                  OT1/cmr/m/it --> OT1/NotoSerif-TLF/m/it on input line 4
19.
LaTeX Font Info:    Overwriting math alphabet `\mathit' in version `bold'
(Font)                  OT1/cmr/bx/it --> OT1/NotoSerif-TLF/m/it on input line 
419.
LaTeX Font Info:    Redeclaring math alphabet \mathtt on input line 420.
LaTeX Font Info:    Overwriting math alphabet `\mathtt' in version `normal'
(Font)                  OT1/cmtt/m/n --> TU/lmtt/m/n on input line 420.
LaTeX Font Info:    Overwriting math alphabet `\mathtt' in version `bold'
(Font)                  OT1/cmtt/m/n --> TU/lmtt/m/n on input line 420.
LaTeX Font Info:    Redeclaring math alphabet \mathbf on input line 422.
LaTeX Font Info:    Overwriting math alphabet `\mathbf' in version `normal'
(Font)                  OT1/cmr/bx/n --> OT1/NotoSerif-TLF/b/n on input line 42
2.
LaTeX Font Info:    Overwriting math alphabet `\mathbf' in version `bold'
(Font)                  OT1/cmr/bx/n --> OT1/NotoSerif-TLF/b/n on input line 42
2.
LaTeX Font Info:    Overwriting math alphabet `\mathit' in version `bold'
(Font)                  OT1/NotoSerif-TLF/m/it --> OT1/NotoSerif-TLF/b/it on in
put line 423.
LaTeX Font Info:    Overwriting math alphabet `\mathtt' in version `bold'
(Font)                  TU/lmtt/m/n --> TU/lmtt/b/n on input line 426.
LaTeX Font Info:    Redeclaring symbol font `letters' on input line 517.
LaTeX Font Info:    Overwriting symbol font `letters' in version `normal'
(Font)                  OML/cmm/m/it --> OML/notomi/m/it on input line 517.
LaTeX Font Info:    Overwriting symbol font `letters' in version `bold'
(Font)                  OML/cmm/b/it --> OML/notomi/m/it on input line 517.
LaTeX Font Info:    Overwriting symbol font `letters' in version `bold'
(Font)                  OML/notomi/m/it --> OML/notomi/b/it on input line 518.
\symlettersA=\mathgroup4
LaTeX Font Info:    Overwriting symbol font `lettersA' in version `bold'
(Font)                  U/ntxmia/m/it --> U/ntxmia/b/it on input line 582.
LaTeX Font Info:    Redeclaring symbol font `symbols' on input line 604.
LaTeX Font Info:    Encoding `OMS' has changed to `LMS' for symbol font
(Font)              `symbols' in the math version `normal' on input line 604.
LaTeX Font Info:    Overwriting symbol font `symbols' in version `normal'
(Font)                  OMS/cmsy/m/n --> LMS/ntxsy/m/n on input line 604.
LaTeX Font Info:    Encoding `OMS' has changed to `LMS' for symbol font
(Font)              `symbols' in the math version `bold' on input line 604.
LaTeX Font Info:    Overwriting symbol font `symbols' in version `bold'
(Font)                  OMS/cmsy/b/n --> LMS/ntxsy/m/n on input line 604.
LaTeX Font Info:    Overwriting symbol font `symbols' in version `bold'
(Font)                  LMS/ntxsy/m/n --> LMS/ntxsy/b/n on input line 605.
\symAMSm=\mathgroup5
LaTeX Font Info:    Overwriting symbol font `AMSm' in version `bold'
(Font)                  U/ntxsym/m/n --> U/ntxsym/b/n on input line 630.
\symsymbolsC=\mathgroup6
LaTeX Font Info:    Overwriting symbol font `symbolsC' in version `bold'
(Font)                  U/ntxsyc/m/n --> U/ntxsyc/b/n on input line 651.
LaTeX Font Info:    Redeclaring symbol font `largesymbols' on input line 664.
LaTeX Font Info:    Encoding `OMX' has changed to `LMX' for symbol font
(Font)              `largesymbols' in the math version `normal' on input line 6
64.
LaTeX Font Info:    Overwriting symbol font `largesymbols' in version `normal'
(Font)                  OMX/cmex/m/n --> LMX/ntxexx/m/n on input line 664.
LaTeX Font Info:    Encoding `OMX' has changed to `LMX' for symbol font
(Font)              `largesymbols' in the math version `bold' on input line 664
.
LaTeX Font Info:    Overwriting symbol font `largesymbols' in version `bold'
(Font)                  OMX/cmex/m/n --> LMX/ntxexx/m/n on input line 664.
LaTeX Font Info:    Overwriting symbol font `largesymbols' in version `bold'
(Font)                  LMX/ntxexx/m/n --> LMX/ntxexx/b/n on input line 665.
\symlargesymbolsTXA=\mathgroup7
LaTeX Font Info:    Overwriting symbol font `largesymbolsTXA' in version `bold'

(Font)                  U/ntxexa/m/n --> U/ntxexa/b/n on input line 679.
\tx@sbptoks=\toks26
LaTeX Font Info:    Redeclaring math delimiter \lfloor on input line 902.
LaTeX Font Info:    Redeclaring math delimiter \rfloor on input line 903.
LaTeX Font Info:    Redeclaring math delimiter \lceil on input line 904.
LaTeX Font Info:    Redeclaring math delimiter \rceil on input line 905.
LaTeX Font Info:    Redeclaring math delimiter \lbrace on input line 910.
LaTeX Font Info:    Redeclaring math delimiter \rbrace on input line 911.
LaTeX Font Info:    Redeclaring math delimiter \langle on input line 913.
LaTeX Font Info:    Redeclaring math delimiter \rangle on input line 915.
LaTeX Font Info:    Redeclaring math delimiter \arrowvert on input line 919.
LaTeX Font Info:    Redeclaring math delimiter \vert on input line 920.
LaTeX Font Info:    Redeclaring math symbol \hbar on input line 966.
LaTeX Font Info:    Redeclaring math accent \dot on input line 991.
LaTeX Font Info:    Redeclaring math accent \ddot on input line 992.
LaTeX Font Info:    Redeclaring math accent \vec on input line 2057.
LaTeX Info: Redefining \Bbbk on input line 2847.
LaTeX Info: Redefining \not on input line 2995.
)) (c:/texlive/2024/texmf-dist/tex/latex/graphics/graphicx.sty
Package: graphicx 2021/09/16 v1.2d Enhanced LaTeX Graphics (DPC,SPQR)

(c:/texlive/2024/texmf-dist/tex/latex/graphics/graphics.sty
Package: graphics 2024/05/23 v1.4g Standard LaTeX Graphics (DPC,SPQR)

(c:/texlive/2024/texmf-dist/tex/latex/graphics/trig.sty
Package: trig 2023/12/02 v1.11 sin cos tan (DPC)
)
(c:/texlive/2024/texmf-dist/tex/latex/graphics-cfg/graphics.cfg
File: graphics.cfg 2016/06/04 v1.11 sample graphics configuration
)
Package graphics Info: Driver file: luatex.def on input line 106.

(c:/texlive/2024/texmf-dist/tex/latex/graphics-def/luatex.def
File: luatex.def 2024/04/13 v1.2e Graphics/color driver for luatex
))
\Gin@req@height=\dimen154
\Gin@req@width=\dimen155
)
(c:/texlive/2024/texmf-dist/tex/latex/amsfonts/amsfonts.sty
Package: amsfonts 2013/01/14 v3.01 Basic AMSFonts support
\symAMSa=\mathgroup8
\symAMSb=\mathgroup9
LaTeX Font Info:    Redeclaring math delimiter \ulcorner on input line 74.
LaTeX Font Info:    Redeclaring math delimiter \urcorner on input line 75.
LaTeX Font Info:    Redeclaring math delimiter \llcorner on input line 76.
LaTeX Font Info:    Redeclaring math delimiter \lrcorner on input line 77.
LaTeX Font Info:    Redeclaring math symbol \square on input line 141.
LaTeX Font Info:    Redeclaring math symbol \lozenge on input line 142.
)
(c:/texlive/2024/texmf-dist/tex/latex/amsfonts/amssymb.sty
Package: amssymb 2013/01/14 v3.01 AMS font symbols
LaTeX Font Info:    Redeclaring math symbol \boxdot on input line 44.
LaTeX Font Info:    Redeclaring math symbol \boxplus on input line 45.
LaTeX Font Info:    Redeclaring math symbol \boxtimes on input line 46.
LaTeX Font Info:    Redeclaring math symbol \blacksquare on input line 48.
LaTeX Font Info:    Redeclaring math symbol \centerdot on input line 49.
LaTeX Font Info:    Redeclaring math symbol \blacklozenge on input line 51.
LaTeX Font Info:    Redeclaring math symbol \circlearrowright on input line 52.

LaTeX Font Info:    Redeclaring math symbol \circlearrowleft on input line 53.
LaTeX Font Info:    Redeclaring math symbol \leftrightharpoons on input line 56
.
LaTeX Font Info:    Redeclaring math symbol \boxminus on input line 57.
LaTeX Font Info:    Redeclaring math symbol \Vdash on input line 58.
LaTeX Font Info:    Redeclaring math symbol \Vvdash on input line 59.
LaTeX Font Info:    Redeclaring math symbol \vDash on input line 60.
LaTeX Font Info:    Redeclaring math symbol \twoheadrightarrow on input line 61
.
LaTeX Font Info:    Redeclaring math symbol \twoheadleftarrow on input line 62.

LaTeX Font Info:    Redeclaring math symbol \leftleftarrows on input line 63.
LaTeX Font Info:    Redeclaring math symbol \rightrightarrows on input line 64.

LaTeX Font Info:    Redeclaring math symbol \upuparrows on input line 65.
LaTeX Font Info:    Redeclaring math symbol \downdownarrows on input line 66.
LaTeX Font Info:    Redeclaring math symbol \upharpoonright on input line 67.
LaTeX Font Info:    Redeclaring math symbol \downharpoonright on input line 69.

LaTeX Font Info:    Redeclaring math symbol \upharpoonleft on input line 70.
LaTeX Font Info:    Redeclaring math symbol \downharpoonleft on input line 71.
LaTeX Font Info:    Redeclaring math symbol \rightarrowtail on input line 72.
LaTeX Font Info:    Redeclaring math symbol \leftarrowtail on input line 73.
LaTeX Font Info:    Redeclaring math symbol \leftrightarrows on input line 74.
LaTeX Font Info:    Redeclaring math symbol \rightleftarrows on input line 75.
LaTeX Font Info:    Redeclaring math symbol \Lsh on input line 76.
LaTeX Font Info:    Redeclaring math symbol \Rsh on input line 77.
LaTeX Font Info:    Redeclaring math symbol \leftrightsquigarrow on input line 
79.
LaTeX Font Info:    Redeclaring math symbol \looparrowleft on input line 80.
LaTeX Font Info:    Redeclaring math symbol \looparrowright on input line 81.
LaTeX Font Info:    Redeclaring math symbol \circeq on input line 82.
LaTeX Font Info:    Redeclaring math symbol \succsim on input line 83.
LaTeX Font Info:    Redeclaring math symbol \gtrsim on input line 84.
LaTeX Font Info:    Redeclaring math symbol \gtrapprox on input line 85.
LaTeX Font Info:    Redeclaring math symbol \multimap on input line 86.
LaTeX Font Info:    Redeclaring math symbol \therefore on input line 87.
LaTeX Font Info:    Redeclaring math symbol \because on input line 88.
LaTeX Font Info:    Redeclaring math symbol \doteqdot on input line 89.
LaTeX Font Info:    Redeclaring math symbol \triangleq on input line 91.
LaTeX Font Info:    Redeclaring math symbol \precsim on input line 92.
LaTeX Font Info:    Redeclaring math symbol \lesssim on input line 93.
LaTeX Font Info:    Redeclaring math symbol \lessapprox on input line 94.
LaTeX Font Info:    Redeclaring math symbol \eqslantless on input line 95.
LaTeX Font Info:    Redeclaring math symbol \eqslantgtr on input line 96.
LaTeX Font Info:    Redeclaring math symbol \curlyeqprec on input line 97.
LaTeX Font Info:    Redeclaring math symbol \curlyeqsucc on input line 98.
LaTeX Font Info:    Redeclaring math symbol \preccurlyeq on input line 99.
LaTeX Font Info:    Redeclaring math symbol \leqq on input line 100.
LaTeX Font Info:    Redeclaring math symbol \leqslant on input line 101.
LaTeX Font Info:    Redeclaring math symbol \lessgtr on input line 102.
LaTeX Font Info:    Redeclaring math symbol \backprime on input line 103.
LaTeX Font Info:    Redeclaring math symbol \risingdotseq on input line 104.
LaTeX Font Info:    Redeclaring math symbol \fallingdotseq on input line 105.
LaTeX Font Info:    Redeclaring math symbol \succcurlyeq on input line 106.
LaTeX Font Info:    Redeclaring math symbol \geqq on input line 107.
LaTeX Font Info:    Redeclaring math symbol \geqslant on input line 108.
LaTeX Font Info:    Redeclaring math symbol \gtrless on input line 109.
LaTeX Font Info:    Redeclaring math symbol \bigstar on input line 117.
LaTeX Font Info:    Redeclaring math symbol \between on input line 118.
LaTeX Font Info:    Redeclaring math symbol \blacktriangledown on input line 11
9.
LaTeX Font Info:    Redeclaring math symbol \blacktriangleright on input line 1
20.
LaTeX Font Info:    Redeclaring math symbol \blacktriangleleft on input line 12
1.
LaTeX Font Info:    Redeclaring math symbol \vartriangle on input line 122.
LaTeX Font Info:    Redeclaring math symbol \blacktriangle on input line 123.
LaTeX Font Info:    Redeclaring math symbol \triangledown on input line 124.
LaTeX Font Info:    Redeclaring math symbol \eqcirc on input line 125.
LaTeX Font Info:    Redeclaring math symbol \lesseqgtr on input line 126.
LaTeX Font Info:    Redeclaring math symbol \gtreqless on input line 127.
LaTeX Font Info:    Redeclaring math symbol \lesseqqgtr on input line 128.
LaTeX Font Info:    Redeclaring math symbol \gtreqqless on input line 129.
LaTeX Font Info:    Redeclaring math symbol \Rrightarrow on input line 130.
LaTeX Font Info:    Redeclaring math symbol \Lleftarrow on input line 131.
LaTeX Font Info:    Redeclaring math symbol \veebar on input line 132.
LaTeX Font Info:    Redeclaring math symbol \barwedge on input line 133.
LaTeX Font Info:    Redeclaring math symbol \doublebarwedge on input line 134.
LaTeX Font Info:    Redeclaring math symbol \measuredangle on input line 137.
LaTeX Font Info:    Redeclaring math symbol \sphericalangle on input line 138.
LaTeX Font Info:    Redeclaring math symbol \varpropto on input line 139.
LaTeX Font Info:    Redeclaring math symbol \smallsmile on input line 140.
LaTeX Font Info:    Redeclaring math symbol \smallfrown on input line 141.
LaTeX Font Info:    Redeclaring math symbol \Subset on input line 142.
LaTeX Font Info:    Redeclaring math symbol \Supset on input line 143.
LaTeX Font Info:    Redeclaring math symbol \Cup on input line 144.
LaTeX Font Info:    Redeclaring math symbol \Cap on input line 146.
LaTeX Font Info:    Redeclaring math symbol \curlywedge on input line 148.
LaTeX Font Info:    Redeclaring math symbol \curlyvee on input line 149.
LaTeX Font Info:    Redeclaring math symbol \leftthreetimes on input line 150.
LaTeX Font Info:    Redeclaring math symbol \rightthreetimes on input line 151.

LaTeX Font Info:    Redeclaring math symbol \subseteqq on input line 152.
LaTeX Font Info:    Redeclaring math symbol \supseteqq on input line 153.
LaTeX Font Info:    Redeclaring math symbol \bumpeq on input line 154.
LaTeX Font Info:    Redeclaring math symbol \Bumpeq on input line 155.
LaTeX Font Info:    Redeclaring math symbol \lll on input line 156.
LaTeX Font Info:    Redeclaring math symbol \ggg on input line 158.
LaTeX Font Info:    Redeclaring math symbol \circledS on input line 160.
LaTeX Font Info:    Redeclaring math symbol \pitchfork on input line 161.
LaTeX Font Info:    Redeclaring math symbol \dotplus on input line 162.
LaTeX Font Info:    Redeclaring math symbol \backsim on input line 163.
LaTeX Font Info:    Redeclaring math symbol \backsimeq on input line 164.
LaTeX Font Info:    Redeclaring math symbol \complement on input line 165.
LaTeX Font Info:    Redeclaring math symbol \intercal on input line 166.
LaTeX Font Info:    Redeclaring math symbol \circledcirc on input line 167.
LaTeX Font Info:    Redeclaring math symbol \circledast on input line 168.
LaTeX Font Info:    Redeclaring math symbol \circleddash on input line 169.
LaTeX Font Info:    Redeclaring math symbol \lvertneqq on input line 171.
LaTeX Font Info:    Redeclaring math symbol \gvertneqq on input line 172.
LaTeX Font Info:    Redeclaring math symbol \nleq on input line 173.
LaTeX Font Info:    Redeclaring math symbol \ngeq on input line 174.
LaTeX Font Info:    Redeclaring math symbol \nless on input line 175.
LaTeX Font Info:    Redeclaring math symbol \ngtr on input line 176.
LaTeX Font Info:    Redeclaring math symbol \nprec on input line 177.
LaTeX Font Info:    Redeclaring math symbol \nsucc on input line 178.
LaTeX Font Info:    Redeclaring math symbol \lneqq on input line 179.
LaTeX Font Info:    Redeclaring math symbol \gneqq on input line 180.
LaTeX Font Info:    Redeclaring math symbol \nleqslant on input line 181.
LaTeX Font Info:    Redeclaring math symbol \ngeqslant on input line 182.
LaTeX Font Info:    Redeclaring math symbol \lneq on input line 183.
LaTeX Font Info:    Redeclaring math symbol \gneq on input line 184.
LaTeX Font Info:    Redeclaring math symbol \npreceq on input line 185.
LaTeX Font Info:    Redeclaring math symbol \nsucceq on input line 186.
LaTeX Font Info:    Redeclaring math symbol \precnsim on input line 187.
LaTeX Font Info:    Redeclaring math symbol \succnsim on input line 188.
LaTeX Font Info:    Redeclaring math symbol \lnsim on input line 189.
LaTeX Font Info:    Redeclaring math symbol \gnsim on input line 190.
LaTeX Font Info:    Redeclaring math symbol \nleqq on input line 191.
LaTeX Font Info:    Redeclaring math symbol \ngeqq on input line 192.
LaTeX Font Info:    Redeclaring math symbol \precneqq on input line 193.
LaTeX Font Info:    Redeclaring math symbol \succneqq on input line 194.
LaTeX Font Info:    Redeclaring math symbol \precnapprox on input line 195.
LaTeX Font Info:    Redeclaring math symbol \succnapprox on input line 196.
LaTeX Font Info:    Redeclaring math symbol \lnapprox on input line 197.
LaTeX Font Info:    Redeclaring math symbol \gnapprox on input line 198.
LaTeX Font Info:    Redeclaring math symbol \nsim on input line 199.
LaTeX Font Info:    Redeclaring math symbol \ncong on input line 200.
LaTeX Font Info:    Redeclaring math symbol \diagup on input line 201.
LaTeX Font Info:    Redeclaring math symbol \diagdown on input line 202.
LaTeX Font Info:    Redeclaring math symbol \varsubsetneq on input line 203.
LaTeX Font Info:    Redeclaring math symbol \varsupsetneq on input line 204.
LaTeX Font Info:    Redeclaring math symbol \nsubseteqq on input line 205.
LaTeX Font Info:    Redeclaring math symbol \nsupseteqq on input line 206.
LaTeX Font Info:    Redeclaring math symbol \subsetneqq on input line 207.
LaTeX Font Info:    Redeclaring math symbol \supsetneqq on input line 208.
LaTeX Font Info:    Redeclaring math symbol \varsubsetneqq on input line 209.
LaTeX Font Info:    Redeclaring math symbol \varsupsetneqq on input line 210.
LaTeX Font Info:    Redeclaring math symbol \subsetneq on input line 211.
LaTeX Font Info:    Redeclaring math symbol \supsetneq on input line 212.
LaTeX Font Info:    Redeclaring math symbol \nsubseteq on input line 213.
LaTeX Font Info:    Redeclaring math symbol \nsupseteq on input line 214.
LaTeX Font Info:    Redeclaring math symbol \nparallel on input line 215.
LaTeX Font Info:    Redeclaring math symbol \nmid on input line 216.
LaTeX Font Info:    Redeclaring math symbol \nshortmid on input line 217.
LaTeX Font Info:    Redeclaring math symbol \nshortparallel on input line 218.
LaTeX Font Info:    Redeclaring math symbol \nvdash on input line 219.
LaTeX Font Info:    Redeclaring math symbol \nVdash on input line 220.
LaTeX Font Info:    Redeclaring math symbol \nvDash on input line 221.
LaTeX Font Info:    Redeclaring math symbol \nVDash on input line 222.
LaTeX Font Info:    Redeclaring math symbol \ntrianglerighteq on input line 223
.
LaTeX Font Info:    Redeclaring math symbol \ntrianglelefteq on input line 224.

LaTeX Font Info:    Redeclaring math symbol \ntriangleleft on input line 225.
LaTeX Font Info:    Redeclaring math symbol \ntriangleright on input line 226.
LaTeX Font Info:    Redeclaring math symbol \nleftarrow on input line 227.
LaTeX Font Info:    Redeclaring math symbol \nrightarrow on input line 228.
LaTeX Font Info:    Redeclaring math symbol \nLeftarrow on input line 229.
LaTeX Font Info:    Redeclaring math symbol \nRightarrow on input line 230.
LaTeX Font Info:    Redeclaring math symbol \nLeftrightarrow on input line 231.

LaTeX Font Info:    Redeclaring math symbol \nleftrightarrow on input line 232.

LaTeX Font Info:    Redeclaring math symbol \divideontimes on input line 233.
LaTeX Font Info:    Redeclaring math symbol \varnothing on input line 234.
LaTeX Font Info:    Redeclaring math symbol \nexists on input line 235.
LaTeX Font Info:    Redeclaring math symbol \Finv on input line 236.
LaTeX Font Info:    Redeclaring math symbol \Game on input line 237.
LaTeX Font Info:    Redeclaring math symbol \eth on input line 240.
LaTeX Font Info:    Redeclaring math symbol \eqsim on input line 241.
LaTeX Font Info:    Redeclaring math symbol \beth on input line 242.
LaTeX Font Info:    Redeclaring math symbol \gimel on input line 243.
LaTeX Font Info:    Redeclaring math symbol \daleth on input line 244.
LaTeX Font Info:    Redeclaring math symbol \lessdot on input line 245.
LaTeX Font Info:    Redeclaring math symbol \gtrdot on input line 246.
LaTeX Font Info:    Redeclaring math symbol \ltimes on input line 247.
LaTeX Font Info:    Redeclaring math symbol \rtimes on input line 248.
LaTeX Font Info:    Redeclaring math symbol \shortmid on input line 249.
LaTeX Font Info:    Redeclaring math symbol \shortparallel on input line 250.
LaTeX Font Info:    Redeclaring math symbol \smallsetminus on input line 251.
LaTeX Font Info:    Redeclaring math symbol \thicksim on input line 252.
LaTeX Font Info:    Redeclaring math symbol \thickapprox on input line 253.
LaTeX Font Info:    Redeclaring math symbol \approxeq on input line 254.
LaTeX Font Info:    Redeclaring math symbol \succapprox on input line 255.
LaTeX Font Info:    Redeclaring math symbol \precapprox on input line 256.
LaTeX Font Info:    Redeclaring math symbol \curvearrowleft on input line 257.
LaTeX Font Info:    Redeclaring math symbol \curvearrowright on input line 258.

LaTeX Font Info:    Redeclaring math symbol \digamma on input line 259.
LaTeX Font Info:    Redeclaring math symbol \varkappa on input line 260.
LaTeX Font Info:    Redeclaring math symbol \hslash on input line 262.
LaTeX Font Info:    Redeclaring math symbol \backepsilon on input line 265.
)
(c:/texlive/2024/texmf-dist/tex/latex/amscls/amsthm.sty
Package: amsthm 2020/05/29 v2.20.6
\thm@style=\toks27
\thm@bodyfont=\toks28
\thm@headfont=\toks29
\thm@notefont=\toks30
\thm@headpunct=\toks31
\thm@preskip=\skip54
\thm@postskip=\skip55
\thm@headsep=\skip56
\dth@everypar=\toks32
LaTeX Info: Redefining \textsquare on input line 427.
)
(c:/texlive/2024/texmf-dist/tex/latex/pgf/frontendlayer/tikz.sty
(c:/texlive/2024/texmf-dist/tex/latex/pgf/basiclayer/pgf.sty
(c:/texlive/2024/texmf-dist/tex/latex/pgf/utilities/pgfrcs.sty
(c:/texlive/2024/texmf-dist/tex/generic/pgf/utilities/pgfutil-common.tex
\pgfutil@everybye=\toks33
\pgfutil@tempdima=\dimen156
\pgfutil@tempdimb=\dimen157
)
(c:/texlive/2024/texmf-dist/tex/generic/pgf/utilities/pgfutil-latex.def
\pgfutil@abb=\box55
)
(c:/texlive/2024/texmf-dist/tex/generic/pgf/utilities/pgfrcs.code.tex
(c:/texlive/2024/texmf-dist/tex/generic/pgf/pgf.revision.tex)
Package: pgfrcs 2023-01-15 v3.1.10 (3.1.10)
))
Package: pgf 2023-01-15 v3.1.10 (3.1.10)

(c:/texlive/2024/texmf-dist/tex/latex/pgf/basiclayer/pgfcore.sty
(c:/texlive/2024/texmf-dist/tex/latex/pgf/systemlayer/pgfsys.sty
(c:/texlive/2024/texmf-dist/tex/generic/pgf/systemlayer/pgfsys.code.tex
Package: pgfsys 2023-01-15 v3.1.10 (3.1.10)

(c:/texlive/2024/texmf-dist/tex/generic/pgf/utilities/pgfkeys.code.tex
\pgfkeys@pathtoks=\toks34
\pgfkeys@temptoks=\toks35

(c:/texlive/2024/texmf-dist/tex/generic/pgf/utilities/pgfkeyslibraryfiltered.co
de.tex
\pgfkeys@tmptoks=\toks36
))
\pgf@x=\dimen158
\pgf@y=\dimen159
\pgf@xa=\dimen160
\pgf@ya=\dimen161
\pgf@xb=\dimen162
\pgf@yb=\dimen163
\pgf@xc=\dimen164
\pgf@yc=\dimen165
\pgf@xd=\dimen166
\pgf@yd=\dimen167
\w@pgf@writea=\write3
\r@pgf@reada=\read3
\c@pgf@counta=\count295
\c@pgf@countb=\count296
\c@pgf@countc=\count297
\c@pgf@countd=\count298
\t@pgf@toka=\toks37
\t@pgf@tokb=\toks38
\t@pgf@tokc=\toks39
\pgf@sys@id@count=\count299
 (c:/texlive/2024/texmf-dist/tex/generic/pgf/systemlayer/pgf.cfg
File: pgf.cfg 2023-01-15 v3.1.10 (3.1.10)
)
Driver file for pgf: pgfsys-luatex.def

(c:/texlive/2024/texmf-dist/tex/generic/pgf/systemlayer/pgfsys-luatex.def
File: pgfsys-luatex.def 2023-01-15 v3.1.10 (3.1.10)

(c:/texlive/2024/texmf-dist/tex/generic/pgf/systemlayer/pgfsys-common-pdf.def
File: pgfsys-common-pdf.def 2023-01-15 v3.1.10 (3.1.10)
)))
(c:/texlive/2024/texmf-dist/tex/generic/pgf/systemlayer/pgfsyssoftpath.code.tex
File: pgfsyssoftpath.code.tex 2023-01-15 v3.1.10 (3.1.10)
\pgfsyssoftpath@smallbuffer@items=\count300
\pgfsyssoftpath@bigbuffer@items=\count301
)
(c:/texlive/2024/texmf-dist/tex/generic/pgf/systemlayer/pgfsysprotocol.code.tex
File: pgfsysprotocol.code.tex 2023-01-15 v3.1.10 (3.1.10)
)) (c:/texlive/2024/texmf-dist/tex/latex/xcolor/xcolor.sty
Package: xcolor 2023/11/15 v3.01 LaTeX color extensions (UK)

(c:/texlive/2024/texmf-dist/tex/latex/graphics-cfg/color.cfg
File: color.cfg 2016/01/02 v1.6 sample color configuration
)
Package xcolor Info: Driver file: luatex.def on input line 274.

(c:/texlive/2024/texmf-dist/tex/latex/graphics/mathcolor.ltx)
Package xcolor Info: Model `cmy' substituted by `cmy0' on input line 1350.
Package xcolor Info: Model `hsb' substituted by `rgb' on input line 1354.
Package xcolor Info: Model `RGB' extended on input line 1366.
Package xcolor Info: Model `HTML' substituted by `rgb' on input line 1368.
Package xcolor Info: Model `Hsb' substituted by `hsb' on input line 1369.
Package xcolor Info: Model `tHsb' substituted by `hsb' on input line 1370.
Package xcolor Info: Model `HSB' substituted by `hsb' on input line 1371.
Package xcolor Info: Model `Gray' substituted by `gray' on input line 1372.
Package xcolor Info: Model `wave' substituted by `hsb' on input line 1373.
)
(c:/texlive/2024/texmf-dist/tex/generic/pgf/basiclayer/pgfcore.code.tex
Package: pgfcore 2023-01-15 v3.1.10 (3.1.10)

(c:/texlive/2024/texmf-dist/tex/generic/pgf/math/pgfmath.code.tex
(c:/texlive/2024/texmf-dist/tex/generic/pgf/math/pgfmathutil.code.tex)
(c:/texlive/2024/texmf-dist/tex/generic/pgf/math/pgfmathparser.code.tex
\pgfmath@dimen=\dimen168
\pgfmath@count=\count302
\pgfmath@box=\box56
\pgfmath@toks=\toks40
\pgfmath@stack@operand=\toks41
\pgfmath@stack@operation=\toks42
)
(c:/texlive/2024/texmf-dist/tex/generic/pgf/math/pgfmathfunctions.code.tex)
(c:/texlive/2024/texmf-dist/tex/generic/pgf/math/pgfmathfunctions.basic.code.te
x)
(c:/texlive/2024/texmf-dist/tex/generic/pgf/math/pgfmathfunctions.trigonometric
.code.tex)
(c:/texlive/2024/texmf-dist/tex/generic/pgf/math/pgfmathfunctions.random.code.t
ex)
(c:/texlive/2024/texmf-dist/tex/generic/pgf/math/pgfmathfunctions.comparison.co
de.tex)
(c:/texlive/2024/texmf-dist/tex/generic/pgf/math/pgfmathfunctions.base.code.tex
)
(c:/texlive/2024/texmf-dist/tex/generic/pgf/math/pgfmathfunctions.round.code.te
x)
(c:/texlive/2024/texmf-dist/tex/generic/pgf/math/pgfmathfunctions.misc.code.tex
)
(c:/texlive/2024/texmf-dist/tex/generic/pgf/math/pgfmathfunctions.integerarithm
etics.code.tex)
(c:/texlive/2024/texmf-dist/tex/generic/pgf/math/pgfmathcalc.code.tex)
(c:/texlive/2024/texmf-dist/tex/generic/pgf/math/pgfmathfloat.code.tex
\c@pgfmathroundto@lastzeros=\count303
))
(c:/texlive/2024/texmf-dist/tex/generic/pgf/math/pgfint.code.tex)
(c:/texlive/2024/texmf-dist/tex/generic/pgf/basiclayer/pgfcorepoints.code.tex
File: pgfcorepoints.code.tex 2023-01-15 v3.1.10 (3.1.10)
\pgf@picminx=\dimen169
\pgf@picmaxx=\dimen170
\pgf@picminy=\dimen171
\pgf@picmaxy=\dimen172
\pgf@pathminx=\dimen173
\pgf@pathmaxx=\dimen174
\pgf@pathminy=\dimen175
\pgf@pathmaxy=\dimen176
\pgf@xx=\dimen177
\pgf@xy=\dimen178
\pgf@yx=\dimen179
\pgf@yy=\dimen180
\pgf@zx=\dimen181
\pgf@zy=\dimen182
)
(c:/texlive/2024/texmf-dist/tex/generic/pgf/basiclayer/pgfcorepathconstruct.cod
e.tex
File: pgfcorepathconstruct.code.tex 2023-01-15 v3.1.10 (3.1.10)
\pgf@path@lastx=\dimen183
\pgf@path@lasty=\dimen184
)
(c:/texlive/2024/texmf-dist/tex/generic/pgf/basiclayer/pgfcorepathusage.code.te
x
File: pgfcorepathusage.code.tex 2023-01-15 v3.1.10 (3.1.10)
\pgf@shorten@end@additional=\dimen185
\pgf@shorten@start@additional=\dimen186
)
(c:/texlive/2024/texmf-dist/tex/generic/pgf/basiclayer/pgfcorescopes.code.tex
File: pgfcorescopes.code.tex 2023-01-15 v3.1.10 (3.1.10)
\pgfpic=\box57
\pgf@hbox=\box58
\pgf@layerbox@main=\box59
\pgf@picture@serial@count=\count304
)
(c:/texlive/2024/texmf-dist/tex/generic/pgf/basiclayer/pgfcoregraphicstate.code
.tex
File: pgfcoregraphicstate.code.tex 2023-01-15 v3.1.10 (3.1.10)
\pgflinewidth=\dimen187
)
(c:/texlive/2024/texmf-dist/tex/generic/pgf/basiclayer/pgfcoretransformations.c
ode.tex
File: pgfcoretransformations.code.tex 2023-01-15 v3.1.10 (3.1.10)
\pgf@pt@x=\dimen188
\pgf@pt@y=\dimen189
\pgf@pt@temp=\dimen190
)
(c:/texlive/2024/texmf-dist/tex/generic/pgf/basiclayer/pgfcorequick.code.tex
File: pgfcorequick.code.tex 2023-01-15 v3.1.10 (3.1.10)
)
(c:/texlive/2024/texmf-dist/tex/generic/pgf/basiclayer/pgfcoreobjects.code.tex
File: pgfcoreobjects.code.tex 2023-01-15 v3.1.10 (3.1.10)
)
(c:/texlive/2024/texmf-dist/tex/generic/pgf/basiclayer/pgfcorepathprocessing.co
de.tex
File: pgfcorepathprocessing.code.tex 2023-01-15 v3.1.10 (3.1.10)
)
(c:/texlive/2024/texmf-dist/tex/generic/pgf/basiclayer/pgfcorearrows.code.tex
File: pgfcorearrows.code.tex 2023-01-15 v3.1.10 (3.1.10)
\pgfarrowsep=\dimen191
)
(c:/texlive/2024/texmf-dist/tex/generic/pgf/basiclayer/pgfcoreshade.code.tex
File: pgfcoreshade.code.tex 2023-01-15 v3.1.10 (3.1.10)
\pgf@max=\dimen192
\pgf@sys@shading@range@num=\count305
\pgf@shadingcount=\count306
)
(c:/texlive/2024/texmf-dist/tex/generic/pgf/basiclayer/pgfcoreimage.code.tex
File: pgfcoreimage.code.tex 2023-01-15 v3.1.10 (3.1.10)
)
(c:/texlive/2024/texmf-dist/tex/generic/pgf/basiclayer/pgfcoreexternal.code.tex
File: pgfcoreexternal.code.tex 2023-01-15 v3.1.10 (3.1.10)
\pgfexternal@startupbox=\box60
) (c:/texlive/2024/texmf-dist/tex/generic/pgf/basiclayer/pgfcorelayers.code.tex
File: pgfcorelayers.code.tex 2023-01-15 v3.1.10 (3.1.10)
)
(c:/texlive/2024/texmf-dist/tex/generic/pgf/basiclayer/pgfcoretransparency.code
.tex
File: pgfcoretransparency.code.tex 2023-01-15 v3.1.10 (3.1.10)
)
(c:/texlive/2024/texmf-dist/tex/generic/pgf/basiclayer/pgfcorepatterns.code.tex
File: pgfcorepatterns.code.tex 2023-01-15 v3.1.10 (3.1.10)
) (c:/texlive/2024/texmf-dist/tex/generic/pgf/basiclayer/pgfcorerdf.code.tex
File: pgfcorerdf.code.tex 2023-01-15 v3.1.10 (3.1.10)
))) (c:/texlive/2024/texmf-dist/tex/generic/pgf/modules/pgfmoduleshapes.code.te
x
File: pgfmoduleshapes.code.tex 2023-01-15 v3.1.10 (3.1.10)
\pgfnodeparttextbox=\box61
)
(c:/texlive/2024/texmf-dist/tex/generic/pgf/modules/pgfmoduleplot.code.tex
File: pgfmoduleplot.code.tex 2023-01-15 v3.1.10 (3.1.10)
)
(c:/texlive/2024/texmf-dist/tex/latex/pgf/compatibility/pgfcomp-version-0-65.st
y
Package: pgfcomp-version-0-65 2023-01-15 v3.1.10 (3.1.10)
\pgf@nodesepstart=\dimen193
\pgf@nodesepend=\dimen194
)
(c:/texlive/2024/texmf-dist/tex/latex/pgf/compatibility/pgfcomp-version-1-18.st
y
Package: pgfcomp-version-1-18 2023-01-15 v3.1.10 (3.1.10)
)) (c:/texlive/2024/texmf-dist/tex/latex/pgf/utilities/pgffor.sty
(c:/texlive/2024/texmf-dist/tex/latex/pgf/utilities/pgfkeys.sty
(c:/texlive/2024/texmf-dist/tex/generic/pgf/utilities/pgfkeys.code.tex))
(c:/texlive/2024/texmf-dist/tex/latex/pgf/math/pgfmath.sty
(c:/texlive/2024/texmf-dist/tex/generic/pgf/math/pgfmath.code.tex))
(c:/texlive/2024/texmf-dist/tex/generic/pgf/utilities/pgffor.code.tex
Package: pgffor 2023-01-15 v3.1.10 (3.1.10)
\pgffor@iter=\dimen195
\pgffor@skip=\dimen196
\pgffor@stack=\toks43
\pgffor@toks=\toks44
))
(c:/texlive/2024/texmf-dist/tex/generic/pgf/frontendlayer/tikz/tikz.code.tex
Package: tikz 2023-01-15 v3.1.10 (3.1.10)

(c:/texlive/2024/texmf-dist/tex/generic/pgf/libraries/pgflibraryplothandlers.co
de.tex
File: pgflibraryplothandlers.code.tex 2023-01-15 v3.1.10 (3.1.10)
\pgf@plot@mark@count=\count307
\pgfplotmarksize=\dimen197
)
\tikz@lastx=\dimen198
\tikz@lasty=\dimen199
\tikz@lastxsaved=\dimen256
\tikz@lastysaved=\dimen257
\tikz@lastmovetox=\dimen258
\tikz@lastmovetoy=\dimen259
\tikzleveldistance=\dimen260
\tikzsiblingdistance=\dimen261
\tikz@figbox=\box62
\tikz@figbox@bg=\box63
\tikz@tempbox=\box64
\tikz@tempbox@bg=\box65
\tikztreelevel=\count308
\tikznumberofchildren=\count309
\tikznumberofcurrentchild=\count310
\tikz@fig@count=\count311

(c:/texlive/2024/texmf-dist/tex/generic/pgf/modules/pgfmodulematrix.code.tex
File: pgfmodulematrix.code.tex 2023-01-15 v3.1.10 (3.1.10)
\pgfmatrixcurrentrow=\count312
\pgfmatrixcurrentcolumn=\count313
\pgf@matrix@numberofcolumns=\count314
)
\tikz@expandcount=\count315

(c:/texlive/2024/texmf-dist/tex/generic/pgf/frontendlayer/tikz/libraries/tikzli
brarytopaths.code.tex
File: tikzlibrarytopaths.code.tex 2023-01-15 v3.1.10 (3.1.10)
)))
(c:/texlive/2024/texmf-dist/tex/latex/mathtools/mathtools.sty
Package: mathtools 2024/03/11 v1.30 mathematical typesetting tools

(c:/texlive/2024/texmf-dist/tex/latex/tools/calc.sty
Package: calc 2023/07/08 v4.3 Infix arithmetic (KKT,FJ)
\calc@Acount=\count316
\calc@Bcount=\count317
\calc@Adimen=\dimen262
\calc@Bdimen=\dimen263
\calc@Askip=\skip57
\calc@Bskip=\skip58
LaTeX Info: Redefining \setlength on input line 80.
LaTeX Info: Redefining \addtolength on input line 81.
\calc@Ccount=\count318
\calc@Cskip=\skip59
)
(c:/texlive/2024/texmf-dist/tex/latex/mathtools/mhsetup.sty
Package: mhsetup 2021/03/18 v1.4 programming setup (MH)
)
\g_MT_multlinerow_int=\count319
\l_MT_multwidth_dim=\dimen264
\origjot=\skip60
\l_MT_shortvdotswithinadjustabove_dim=\dimen265
\l_MT_shortvdotswithinadjustbelow_dim=\dimen266
\l_MT_above_intertext_sep=\dimen267
\l_MT_below_intertext_sep=\dimen268
\l_MT_above_shortintertext_sep=\dimen269
\l_MT_below_shortintertext_sep=\dimen270
\xmathstrut@box=\box66
\xmathstrut@dim=\dimen271
)
(c:/texlive/2024/texmf-dist/tex/latex/float/float.sty
Package: float 2001/11/08 v1.3d Float enhancements (AL)
\c@float@type=\count320
\float@exts=\toks45
\float@box=\box67
\@float@everytoks=\toks46
\@floatcapt=\box68
)
(c:/texlive/2024/texmf-dist/tex/latex/tools/enumerate.sty
Package: enumerate 2023/07/04 v3.00 enumerate extensions (DPC)
\@enLab=\toks47
)
(c:/texlive/2024/texmf-dist/tex/latex/enumitem/enumitem.sty
Package: enumitem 2019/06/20 v3.9 Customized lists
\enitkv@toks@=\toks48
\labelindent=\skip61
\enit@outerparindent=\dimen272
\enit@toks=\toks49
\enit@inbox=\box69
\enit@count@id=\count321
\enitdp@description=\count322
)
(c:/texlive/2024/texmf-dist/tex/latex/geometry/geometry.sty
Package: geometry 2020/01/02 v5.9 Page Geometry

(c:/texlive/2024/texmf-dist/tex/generic/iftex/ifvtex.sty
Package: ifvtex 2019/10/25 v1.7 ifvtex legacy package. Use iftex instead.
)
\Gm@cnth=\count323
\Gm@cntv=\count324
\c@Gm@tempcnt=\count325
\Gm@bindingoffset=\dimen273
\Gm@wd@mp=\dimen274
\Gm@odd@mp=\dimen275
\Gm@even@mp=\dimen276
\Gm@layoutwidth=\dimen277
\Gm@layoutheight=\dimen278
\Gm@layouthoffset=\dimen279
\Gm@layoutvoffset=\dimen280
\Gm@dimlist=\toks50
)
(c:/texlive/2024/texmf-dist/tex/latex/imakeidx/imakeidx.sty
Package: imakeidx 2016/10/15 v1.3e Package for typesetting indices in a synchro
nous mode

(c:/texlive/2024/texmf-dist/tex/latex/tools/multicol.sty
Package: multicol 2024/05/23 v1.9h multicolumn formatting (FMi)
\c@tracingmulticols=\count326
\mult@box=\box70
\multicol@leftmargin=\dimen281
\c@unbalance=\count327
\c@collectmore=\count328
\doublecol@number=\count329
\multicoltolerance=\count330
\multicolpretolerance=\count331
\full@width=\dimen282
\page@free=\dimen283
\premulticols=\dimen284
\postmulticols=\dimen285
\multicolsep=\skip62
\multicolbaselineskip=\skip63
\partial@page=\box71
\last@line=\box72
\mc@boxedresult=\box73
\maxbalancingoverflow=\dimen286
\mult@rightbox=\box74
\mult@grightbox=\box75
\mult@firstbox=\box76
\mult@gfirstbox=\box77
\@tempa=\box78
\@tempa=\box79
\@tempa=\box80
\@tempa=\box81
\@tempa=\box82
\@tempa=\box83
\@tempa=\box84
\@tempa=\box85
\@tempa=\box86
\@tempa=\box87
\@tempa=\box88
\@tempa=\box89
\@tempa=\box90
\@tempa=\box91
\@tempa=\box92
\@tempa=\box93
\@tempa=\box94
\@tempa=\box95
\@tempa=\box96
\@tempa=\box97
\@tempa=\box98
\@tempa=\box99
\@tempa=\box100
\@tempa=\box101
\@tempa=\box102
\@tempa=\box103
\@tempa=\box104
\@tempa=\box105
\@tempa=\box106
\@tempa=\box107
\@tempa=\box108
\@tempa=\box109
\@tempa=\box110
\@tempa=\box111
\@tempa=\box112
\@tempa=\box113
\c@minrows=\count332
\c@columnbadness=\count333
\c@finalcolumnbadness=\count334
\last@try=\dimen287
\multicolovershoot=\dimen288
\multicolundershoot=\dimen289
\mult@nat@firstbox=\box114
\colbreak@box=\box115
\mc@col@check@num=\count335
))
(c:/texlive/2024/texmf-dist/tex/latex/tasks/tasks.sty
(c:/texlive/2024/texmf-dist/tex/latex/l3packages/xtemplate/xtemplate.sty
Package: xtemplate 2024-05-08 L3 Experimental prototype document functions
)
Package: tasks 2022/01/08 v1.4a lists with columns filled horizontally
\g__tasks_total_items_int=\count336
\l__tasks_columns_int=\count337
\g__tasks_rows_int=\count338
\g__tasks_current_col_num_int=\count339
\g__tasks_current_row_num_int=\count340
\l__tasks_item_columns_int=\count341
\g__tasks_env_int=\count342
\l__tasks_start_int=\count343
\l__tasks_item_indent_dim=\dimen290
\l__tasks_item_default_indent_dim=\dimen291
\l__tasks_item_width_dim=\dimen292
\l__tasks_label_width_dim=\dimen293
\l__tasks_label_default_width_dim=\dimen294
\l__tasks_label_offset_dim=\dimen295
\l__tasks_label_default_offset_dim=\dimen296
\l__tasks_column_sep_dim=\dimen297
\l__tasks_correction_dim=\dimen298
\l__tasks_full_width_dim=\dimen299
\l__tasks_after_item_skip=\skip64
\l__tasks_custom_after_item_skip=\skip65
\l__tasks_before_list_skip=\skip66
\l__tasks_after_list_skip=\skip67
\l__tasks_item_coffin=\box116
\l__tasks_label_coffin=\box117
\c@task=\count344
\l__tasks_tmpa_int=\count345
\l__tasks_tmpb_int=\count346
\l__tasks_tmpa_coffin=\box118
\l__tasks_tmpa_box=\box119

LaTeX template Info: Declaring template type 'tasks' taking 3 argument(s) on
(template)           line 450.


(c:/texlive/2024/texmf-dist/tex/latex/tasks/tasks.cfg))
(c:/texlive/2024/texmf-dist/tex/latex/fancyhdr/fancyhdr.sty
Package: fancyhdr 2024/04/23 v4.2 Extensive control of page headers and footers

\f@nch@headwidth=\skip68
\f@nch@O@elh=\skip69
\f@nch@O@erh=\skip70
\f@nch@O@olh=\skip71
\f@nch@O@orh=\skip72
\f@nch@O@elf=\skip73
\f@nch@O@erf=\skip74
\f@nch@O@olf=\skip75
\f@nch@O@orf=\skip76
)
(c:/texlive/2024/texmf-dist/tex/latex/mdframed/mdframed.sty
Package: mdframed 2013/07/01 1.9b: mdframed

(c:/texlive/2024/texmf-dist/tex/latex/kvoptions/kvoptions.sty
Package: kvoptions 2022-06-15 v3.15 Key value format for package options (HO)

(c:/texlive/2024/texmf-dist/tex/generic/ltxcmds/ltxcmds.sty
Package: ltxcmds 2023-12-04 v1.26 LaTeX kernel commands for general use (HO)
)
(c:/texlive/2024/texmf-dist/tex/latex/kvsetkeys/kvsetkeys.sty
Package: kvsetkeys 2022-10-05 v1.19 Key value parser (HO)
))
(c:/texlive/2024/texmf-dist/tex/latex/zref/zref-abspage.sty
Package: zref-abspage 2023-09-14 v2.35 Module abspage for zref (HO)

(c:/texlive/2024/texmf-dist/tex/latex/zref/zref-base.sty
Package: zref-base 2023-09-14 v2.35 Module base for zref (HO)

(c:/texlive/2024/texmf-dist/tex/generic/infwarerr/infwarerr.sty
Package: infwarerr 2019/12/03 v1.5 Providing info/warning/error messages (HO)
)
(c:/texlive/2024/texmf-dist/tex/generic/kvdefinekeys/kvdefinekeys.sty
Package: kvdefinekeys 2019-12-19 v1.6 Define keys (HO)
)
(c:/texlive/2024/texmf-dist/tex/generic/pdftexcmds/pdftexcmds.sty
Package: pdftexcmds 2020-06-27 v0.33 Utility functions of pdfTeX for LuaTeX (HO
)
Package pdftexcmds Info: \pdf@primitive is available.
Package pdftexcmds Info: \pdf@ifprimitive is available.
Package pdftexcmds Info: \pdfdraftmode found.
\pdftexcmds@toks=\toks51
)
(c:/texlive/2024/texmf-dist/tex/generic/etexcmds/etexcmds.sty
Package: etexcmds 2019/12/15 v1.7 Avoid name clashes with e-TeX commands (HO)
)
(c:/texlive/2024/texmf-dist/tex/latex/auxhook/auxhook.sty
Package: auxhook 2019-12-17 v1.6 Hooks for auxiliary files (HO)
)
Package zref Info: New property list: main on input line 767.
Package zref Info: New property: default on input line 768.
Package zref Info: New property: page on input line 769.
)
\c@abspage=\count347
Package zref Info: New property: abspage on input line 67.
)
(c:/texlive/2024/texmf-dist/tex/latex/needspace/needspace.sty
Package: needspace 2010/09/12 v1.3d reserve vertical space
)
\mdf@templength=\skip77
\c@mdf@globalstyle@cnt=\count348
\mdf@skipabove@length=\skip78
\mdf@skipbelow@length=\skip79
\mdf@leftmargin@length=\skip80
\mdf@rightmargin@length=\skip81
\mdf@innerleftmargin@length=\skip82
\mdf@innerrightmargin@length=\skip83
\mdf@innertopmargin@length=\skip84
\mdf@innerbottommargin@length=\skip85
\mdf@splittopskip@length=\skip86
\mdf@splitbottomskip@length=\skip87
\mdf@outermargin@length=\skip88
\mdf@innermargin@length=\skip89
\mdf@linewidth@length=\skip90
\mdf@innerlinewidth@length=\skip91
\mdf@middlelinewidth@length=\skip92
\mdf@outerlinewidth@length=\skip93
\mdf@roundcorner@length=\skip94
\mdf@footenotedistance@length=\skip95
\mdf@userdefinedwidth@length=\skip96
\mdf@needspace@length=\skip97
\mdf@frametitleaboveskip@length=\skip98
\mdf@frametitlebelowskip@length=\skip99
\mdf@frametitlerulewidth@length=\skip100
\mdf@frametitleleftmargin@length=\skip101
\mdf@frametitlerightmargin@length=\skip102
\mdf@shadowsize@length=\skip103
\mdf@extratopheight@length=\skip104
\mdf@subtitleabovelinewidth@length=\skip105
\mdf@subtitlebelowlinewidth@length=\skip106
\mdf@subtitleaboveskip@length=\skip107
\mdf@subtitlebelowskip@length=\skip108
\mdf@subtitleinneraboveskip@length=\skip109
\mdf@subtitleinnerbelowskip@length=\skip110
\mdf@subsubtitleabovelinewidth@length=\skip111
\mdf@subsubtitlebelowlinewidth@length=\skip112
\mdf@subsubtitleaboveskip@length=\skip113
\mdf@subsubtitlebelowskip@length=\skip114
\mdf@subsubtitleinneraboveskip@length=\skip115
\mdf@subsubtitleinnerbelowskip@length=\skip116

(c:/texlive/2024/texmf-dist/tex/latex/mdframed/md-frame-0.mdf
File: md-frame-0.mdf 2013/07/01\ 1.9b: md-frame-0
)
\mdf@frametitlebox=\box120
\mdf@footnotebox=\box121
\mdf@splitbox@one=\box122
\mdf@splitbox@two=\box123
\mdf@splitbox@save=\box124
\mdfsplitboxwidth=\skip117
\mdfsplitboxtotalwidth=\skip118
\mdfsplitboxheight=\skip119
\mdfsplitboxdepth=\skip120
\mdfsplitboxtotalheight=\skip121
\mdfframetitleboxwidth=\skip122
\mdfframetitleboxtotalwidth=\skip123
\mdfframetitleboxheight=\skip124
\mdfframetitleboxdepth=\skip125
\mdfframetitleboxtotalheight=\skip126
\mdffootnoteboxwidth=\skip127
\mdffootnoteboxtotalwidth=\skip128
\mdffootnoteboxheight=\skip129
\mdffootnoteboxdepth=\skip130
\mdffootnoteboxtotalheight=\skip131
\mdftotallinewidth=\skip132
\mdfboundingboxwidth=\skip133
\mdfboundingboxtotalwidth=\skip134
\mdfboundingboxheight=\skip135
\mdfboundingboxdepth=\skip136
\mdfboundingboxtotalheight=\skip137
\mdf@freevspace@length=\skip138
\mdf@horizontalwidthofbox@length=\skip139
\mdf@verticalmarginwhole@length=\skip140
\mdf@horizontalspaceofbox=\skip141
\mdfsubtitleheight=\skip142
\mdfsubsubtitleheight=\skip143
\c@mdfcountframes=\count349

****** mdframed patching \endmdf@trivlist

****** -- success******

\mdf@envdepth=\count350
\c@mdf@env@i=\count351
\c@mdf@env@ii=\count352
\c@mdf@zref@counter=\count353
Package zref Info: New property: mdf@pagevalue on input line 895.
)
(c:/texlive/2024/texmf-dist/tex/latex/makecell/makecell.sty
Package: makecell 2009/08/03 V0.1e Managing of Tab Column Heads and Cells

(c:/texlive/2024/texmf-dist/tex/latex/tools/array.sty
Package: array 2024/06/14 v2.6d Tabular extension package (FMi)
\col@sep=\dimen300
\ar@mcellbox=\box125
\extrarowheight=\dimen301
\NC@list=\toks52
\extratabsurround=\skip144
\backup@length=\skip145
\ar@cellbox=\box126
)
\rotheadsize=\dimen302
\c@nlinenum=\count354
\TeXr@lab=\toks53
)
(c:/texlive/2024/texmf-dist/tex/latex/titling/titling.sty
Package: titling 2009/09/04 v2.1d maketitle typesetting
\thanksmarkwidth=\skip146
\thanksmargin=\skip147
\droptitle=\skip148
)
(c:/texlive/2024/texmf-dist/tex/latex/colortbl/colortbl.sty
Package: colortbl 2024/05/26 v1.0h Color table columns (DPC)
\everycr=\toks54
\minrowclearance=\skip149
\rownum=\count355
)
(c:/texlive/2024/texmf-dist/tex/latex/listings/listings.sty
\lst@mode=\count356
\lst@gtempboxa=\box127
\lst@token=\toks55
\lst@length=\count357
\lst@currlwidth=\dimen303
\lst@column=\count358
\lst@pos=\count359
\lst@lostspace=\dimen304
\lst@width=\dimen305
\lst@newlines=\count360
\lst@lineno=\count361
\lst@maxwidth=\dimen306

(c:/texlive/2024/texmf-dist/tex/latex/listings/lstpatch.sty
File: lstpatch.sty 2024/05/25 1.10b (Carsten Heinz)
)
(c:/texlive/2024/texmf-dist/tex/latex/listings/lstmisc.sty
File: lstmisc.sty 2024/05/25 1.10b (Carsten Heinz)
\c@lstnumber=\count362
\lst@skipnumbers=\count363
\lst@framebox=\box128
)
(c:/texlive/2024/texmf-dist/tex/latex/listings/listings.cfg
File: listings.cfg 2024/05/25 1.10b listings configuration
))
Package: listings 2024/05/25 1.10b (Carsten Heinz)

(c:/texlive/2024/texmf-dist/tex/latex/caption/caption.sty
Package: caption 2023/08/05 v3.6o Customizing captions (AR)

(c:/texlive/2024/texmf-dist/tex/latex/caption/caption3.sty
Package: caption3 2023/07/31 v2.4d caption3 kernel (AR)
\caption@tempdima=\dimen307
\captionmargin=\dimen308
\caption@leftmargin=\dimen309
\caption@rightmargin=\dimen310
\caption@width=\dimen311
\caption@indent=\dimen312
\caption@parindent=\dimen313
\caption@hangindent=\dimen314
Package caption Info: Standard document class detected.
)
\c@caption@flags=\count364
\c@continuedfloat=\count365
Package caption Info: float package is loaded.
Package caption Info: listings package is loaded.
)
(c:/texlive/2024/texmf-dist/tex/latex/caption/subcaption.sty
Package: subcaption 2023/07/28 v1.6b Sub-captions (AR)
Package caption Info: New subtype `subfigure' on input line 238.
\c@subfigure=\count366
Package caption Info: New subtype `subtable' on input line 238.
\c@subtable=\count367
)
(c:/texlive/2024/texmf-dist/tex/latex/braket/braket.sty)
(c:/texlive/2024/texmf-dist/tex/latex/amsfonts/euscript.sty
Package: euscript 2009/06/22 v3.00 Euler Script fonts
LaTeX Font Info:    Overwriting math alphabet `\EuScript' in version `bold'
(Font)                  U/eus/m/n --> U/eus/b/n on input line 33.
)
(c:/texlive/2024/texmf-dist/tex/latex/units/nicefrac.sty
Package: nicefrac 1998/08/04 v0.9b Nice fractions
\L@UnitsRaiseDisplaystyle=\skip150
\L@UnitsRaiseTextstyle=\skip151
\L@UnitsRaiseScriptstyle=\skip152
)
(c:/texlive/2024/texmf-dist/tex/generic/ulem/ulem.sty
\UL@box=\box129
\UL@hyphenbox=\box130
\UL@skip=\skip153
\UL@hook=\toks56
\UL@height=\dimen315
\UL@pe=\count368
\UL@pixel=\dimen316
\ULC@box=\box131
Package: ulem 2019/11/18
\ULdepth=\dimen317
)
(c:/texlive/2024/texmf-dist/tex/latex/cancel/cancel.sty
Package: cancel 2013/04/12 v2.2 Cancel math terms
)
(c:/texlive/2024/texmf-dist/tex/latex/halloweenmath/halloweenmath.sty
Package: halloweenmath 2019/11/01 v0.11 (development)

(c:/texlive/2024/texmf-dist/tex/latex/pict2e/pict2e.sty
Package: pict2e 2020/09/30 v0.4b Improved picture commands (HjG,RN,JT)

(c:/texlive/2024/texmf-dist/tex/latex/pict2e/pict2e.cfg
File: pict2e.cfg 2016/02/05 v0.1u pict2e configuration for teTeX/TeXLive
)
Package pict2e Info: Driver file: luatex.def on input line 112.
Package pict2e Info: Driver file for pict2e: p2e-luatex.def on input line 114.

(c:/texlive/2024/texmf-dist/tex/latex/pict2e/p2e-luatex.def
File: p2e-luatex.def 2016/02/05 v0.1u Driver-dependant file (RN,HjG,JT)
)
\pIIe@GRAPH=\toks57
\@arclen=\dimen318
\@arcrad=\dimen319
\pIIe@tempdima=\dimen320
\pIIe@tempdimb=\dimen321
\pIIe@tempdimc=\dimen322
\pIIe@tempdimd=\dimen323
\pIIe@tempdime=\dimen324
\pIIe@tempdimf=\dimen325
)
\@HwM@arrowfill@skip=\skip154
)
(c:/texlive/2024/texmf-dist/tex/generic/pgf/frontendlayer/tikz/libraries/tikzli
braryarrows.code.tex
File: tikzlibraryarrows.code.tex 2023-01-15 v3.1.10 (3.1.10)

(c:/texlive/2024/texmf-dist/tex/generic/pgf/libraries/pgflibraryarrows.code.tex
File: pgflibraryarrows.code.tex 2023-01-15 v3.1.10 (3.1.10)
\arrowsize=\dimen326
))
(c:/texlive/2024/texmf-dist/tex/generic/pgf/frontendlayer/tikz/libraries/tikzli
braryscopes.code.tex
File: tikzlibraryscopes.code.tex 2023-01-15 v3.1.10 (3.1.10)
)
(c:/texlive/2024/texmf-dist/tex/generic/pgf/frontendlayer/tikz/libraries/tikzli
brarycalc.code.tex
File: tikzlibrarycalc.code.tex 2023-01-15 v3.1.10 (3.1.10)
) (c:/texlive/2024/texmf-dist/tex/latex/psnfss/pifont.sty
Package: pifont 2020/03/25 PSNFSS-v9.3 Pi font support (SPQR) 
LaTeX Font Info:    Trying to load font information for U+pzd on input line 63.


(c:/texlive/2024/texmf-dist/tex/latex/psnfss/upzd.fd
File: upzd.fd 2001/06/04 font definitions for U/pzd.
)
LaTeX Font Info:    Trying to load font information for U+psy on input line 64.


(c:/texlive/2024/texmf-dist/tex/latex/psnfss/upsy.fd
File: upsy.fd 2001/06/04 font definitions for U/psy.
))
(c:/texlive/2024/texmf-dist/tex/latex/tikz-cd/tikz-cd.sty
Package: tikz-cd 2021/05/04 v1.0 Commutative diagrams with TikZ

(c:/texlive/2024/texmf-dist/tex/generic/tikz-cd/tikzlibrarycd.code.tex
(c:/texlive/2024/texmf-dist/tex/generic/pgf/frontendlayer/tikz/libraries/tikzli
brarymatrix.code.tex
File: tikzlibrarymatrix.code.tex 2023-01-15 v3.1.10 (3.1.10)
)
(c:/texlive/2024/texmf-dist/tex/generic/pgf/frontendlayer/tikz/libraries/tikzli
braryquotes.code.tex
File: tikzlibraryquotes.code.tex 2023-01-15 v3.1.10 (3.1.10)
)
(c:/texlive/2024/texmf-dist/tex/generic/pgf/libraries/pgflibraryarrows.meta.cod
e.tex
File: pgflibraryarrows.meta.code.tex 2023-01-15 v3.1.10 (3.1.10)
\pgfarrowinset=\dimen327
\pgfarrowlength=\dimen328
\pgfarrowwidth=\dimen329
\pgfarrowlinewidth=\dimen330
))) (c:/texlive/2024/texmf-dist/tex/latex/mnsymbol/MnSymbol.sty
Package: MnSymbol 2007/01/21 v1.4 support for the MnSymbol font
LaTeX Info: Redefining \dagger on input line 84.
LaTeX Info: Redefining \ddagger on input line 84.
LaTeX Info: Redefining \mathparagraph on input line 84.
LaTeX Info: Redefining \mathsection on input line 84.
LaTeX Info: Redefining \mathdollar on input line 84.
LaTeX Info: Redefining \mathsterling on input line 84.
LaTeX Info: Redefining \yen on input line 84.
LaTeX Info: Redefining \circledR on input line 84.
LaTeX Info: Redefining \circledS on input line 84.
LaTeX Info: Redefining \Re on input line 84.
LaTeX Info: Redefining \Im on input line 84.
LaTeX Info: Redefining \dotplus on input line 84.
LaTeX Info: Redefining \thicksim on input line 84.
LaTeX Info: Redefining \thickapprox on input line 84.
LaTeX Info: Redefining \veebar on input line 84.
LaTeX Info: Redefining \barwedge on input line 84.
LaTeX Info: Redefining \doublebarwedge on input line 84.
LaTeX Info: Redefining \centerdot on input line 84.
LaTeX Info: Redefining \divideontimes on input line 84.
\symMnSyA=\mathgroup10
\symMnSyB=\mathgroup11
\symMnSyC=\mathgroup12
\symMnSyD=\mathgroup13
LaTeX Font Info:    Redeclaring symbol font `largesymbols' on input line 119.
LaTeX Font Info:    Encoding `LMX' has changed to `OMX' for symbol font
(Font)              `largesymbols' in the math version `normal' on input line 1
19.
LaTeX Font Info:    Overwriting symbol font `largesymbols' in version `normal'
(Font)                  LMX/ntxexx/m/n --> OMX/MnSymbolE/m/n on input line 119.

LaTeX Font Info:    Encoding `LMX' has changed to `OMX' for symbol font
(Font)              `largesymbols' in the math version `bold' on input line 119
.
LaTeX Font Info:    Overwriting symbol font `largesymbols' in version `bold'
(Font)                  LMX/ntxexx/b/n --> OMX/MnSymbolE/m/n on input line 119.

LaTeX Font Info:    Redeclaring symbol font `symbols' on input line 120.
LaTeX Font Info:    Encoding `LMS' has changed to `U' for symbol font
(Font)              `symbols' in the math version `normal' on input line 120.
LaTeX Font Info:    Overwriting symbol font `symbols' in version `normal'
(Font)                  LMS/ntxsy/m/n --> U/MnSymbolF/m/n on input line 120.
LaTeX Font Info:    Encoding `LMS' has changed to `U' for symbol font
(Font)              `symbols' in the math version `bold' on input line 120.
LaTeX Font Info:    Overwriting symbol font `symbols' in version `bold'
(Font)                  LMS/ntxsy/b/n --> U/MnSymbolF/m/n on input line 120.
LaTeX Font Info:    Overwriting symbol font `MnSyA' in version `bold'
(Font)                  U/MnSymbolA/m/n --> U/MnSymbolA/b/n on input line 121.
LaTeX Font Info:    Overwriting symbol font `MnSyB' in version `bold'
(Font)                  U/MnSymbolB/m/n --> U/MnSymbolB/b/n on input line 122.
LaTeX Font Info:    Overwriting symbol font `MnSyC' in version `bold'
(Font)                  U/MnSymbolC/m/n --> U/MnSymbolC/b/n on input line 123.
LaTeX Font Info:    Overwriting symbol font `MnSyD' in version `bold'
(Font)                  U/MnSymbolD/m/n --> U/MnSymbolD/b/n on input line 124.
LaTeX Font Info:    Overwriting symbol font `largesymbols' in version `bold'
(Font)                  OMX/MnSymbolE/m/n --> OMX/MnSymbolE/b/n on input line 1
25.
LaTeX Font Info:    Overwriting symbol font `symbols' in version `bold'
(Font)                  U/MnSymbolF/m/n --> U/MnSymbolF/b/n on input line 126.
LaTeX Font Info:    Redeclaring math alphabet \mathcal on input line 241.
LaTeX Font Info:    Overwriting math alphabet `\mathcal' in version `bold'
(Font)                  OMS/MnSymbolS/m/n --> OMS/MnSymbolS/b/n on input line 2
41.
LaTeX Info: Redefining \longrightarrow on input line 548.
LaTeX Info: Redefining \longleftarrow on input line 549.
LaTeX Info: Redefining \longleftrightarrow on input line 550.
LaTeX Info: Redefining \Longrightarrow on input line 551.
LaTeX Info: Redefining \Longleftarrow on input line 552.
LaTeX Info: Redefining \Longleftrightarrow on input line 553.
LaTeX Info: Redefining \longmapsto on input line 554.
LaTeX Info: Redefining \vdots on input line 868.
LaTeX Info: Redefining \coloneq on input line 1445.
LaTeX Font Info:    Redeclaring math symbol \braceld on input line 1721.
LaTeX Font Info:    Redeclaring math symbol \bracelu on input line 1722.
LaTeX Font Info:    Redeclaring math symbol \bracerd on input line 1723.
LaTeX Font Info:    Redeclaring math symbol \braceru on input line 1724.
LaTeX Info: Redefining \downbracefill on input line 1799.
LaTeX Info: Redefining \upbracefill on input line 1800.
LaTeX Info: Redefining \overbrace on input line 1819.
LaTeX Info: Redefining \underbrace on input line 1820.
LaTeX Info: Redefining \overgroup on input line 1822.
LaTeX Info: Redefining \undergroup on input line 1823.
LaTeX Info: Redefining \surd on input line 1843.
LaTeX Font Info:    Redeclaring math accent \widehat on input line 1845.
LaTeX Font Info:    Redeclaring math accent \widetilde on input line 1846.
LaTeX Font Info:    Redeclaring math accent \vec on input line 1848.
)
(c:/texlive/2024/texmf-dist/tex/generic/pgf/frontendlayer/tikz/libraries/tikzli
brarydecorations.pathmorphing.code.tex
(c:/texlive/2024/texmf-dist/tex/generic/pgf/frontendlayer/tikz/libraries/tikzli
brarydecorations.code.tex
(c:/texlive/2024/texmf-dist/tex/generic/pgf/modules/pgfmoduledecorations.code.t
ex
\pgfdecoratedcompleteddistance=\dimen331
\pgfdecoratedremainingdistance=\dimen332
\pgfdecoratedinputsegmentcompleteddistance=\dimen333
\pgfdecoratedinputsegmentremainingdistance=\dimen334
\pgf@decorate@distancetomove=\dimen335
\pgf@decorate@repeatstate=\count369
\pgfdecorationsegmentamplitude=\dimen336
\pgfdecorationsegmentlength=\dimen337
)
\tikz@lib@dec@box=\box132
)
(c:/texlive/2024/texmf-dist/tex/generic/pgf/libraries/decorations/pgflibrarydec
orations.pathmorphing.code.tex))
(c:/texlive/2024/texmf-dist/tex/latex/hyperref/hyperref.sty
Package: hyperref 2024-05-23 v7.01i Hypertext links for LaTeX

(c:/texlive/2024/texmf-dist/tex/generic/pdfescape/pdfescape.sty
Package: pdfescape 2019/12/09 v1.15 Implements pdfTeX's escape features (HO)
)
(c:/texlive/2024/texmf-dist/tex/latex/hycolor/hycolor.sty
Package: hycolor 2020-01-27 v1.10 Color options for hyperref/bookmark (HO)
)
(c:/texlive/2024/texmf-dist/tex/latex/hyperref/nameref.sty
Package: nameref 2023-11-26 v2.56 Cross-referencing by name of section

(c:/texlive/2024/texmf-dist/tex/latex/refcount/refcount.sty
Package: refcount 2019/12/15 v3.6 Data extraction from label references (HO)
)
(c:/texlive/2024/texmf-dist/tex/generic/gettitlestring/gettitlestring.sty
Package: gettitlestring 2019/12/15 v1.6 Cleanup title references (HO)
)
\c@section@level=\count370
)
(c:/texlive/2024/texmf-dist/tex/generic/stringenc/stringenc.sty
Package: stringenc 2019/11/29 v1.12 Convert strings between diff. encodings (HO
)
)
\@linkdim=\dimen338
\Hy@linkcounter=\count371
\Hy@pagecounter=\count372

(c:/texlive/2024/texmf-dist/tex/latex/hyperref/pd1enc.def
File: pd1enc.def 2024-05-23 v7.01i Hyperref: PDFDocEncoding definition (HO)
)
(c:/texlive/2024/texmf-dist/tex/generic/intcalc/intcalc.sty
Package: intcalc 2019/12/15 v1.3 Expandable calculations with integers (HO)
)
\Hy@SavedSpaceFactor=\count373

(c:/texlive/2024/texmf-dist/tex/latex/hyperref/puenc.def
File: puenc.def 2024-05-23 v7.01i Hyperref: PDF Unicode definition (HO)
)
Package hyperref Info: Hyper figures OFF on input line 4157.
Package hyperref Info: Link nesting OFF on input line 4162.
Package hyperref Info: Hyper index ON on input line 4165.
Package hyperref Info: Plain pages OFF on input line 4172.
Package hyperref Info: Backreferencing OFF on input line 4177.
Package hyperref Info: Implicit mode ON; LaTeX internals redefined.
Package hyperref Info: Bookmarks ON on input line 4424.
\c@Hy@tempcnt=\count374

(c:/texlive/2024/texmf-dist/tex/latex/url/url.sty
\Urlmuskip=\muskip18
Package: url 2013/09/16  ver 3.4  Verb mode for urls, etc.
)
LaTeX Info: Redefining \url on input line 4763.
\XeTeXLinkMargin=\dimen339

(c:/texlive/2024/texmf-dist/tex/generic/bitset/bitset.sty
Package: bitset 2019/12/09 v1.3 Handle bit-vector datatype (HO)

(c:/texlive/2024/texmf-dist/tex/generic/bigintcalc/bigintcalc.sty
Package: bigintcalc 2019/12/15 v1.5 Expandable calculations on big integers (HO
)
))
\Fld@menulength=\count375
\Field@Width=\dimen340
\Fld@charsize=\dimen341
Package hyperref Info: Hyper figures OFF on input line 6042.
Package hyperref Info: Link nesting OFF on input line 6047.
Package hyperref Info: Hyper index ON on input line 6050.
Package hyperref Info: backreferencing OFF on input line 6057.
Package hyperref Info: Link coloring OFF on input line 6062.
Package hyperref Info: Link coloring with OCG OFF on input line 6067.
Package hyperref Info: PDF/A mode OFF on input line 6072.

(c:/texlive/2024/texmf-dist/tex/latex/base/atbegshi-ltx.sty
Package: atbegshi-ltx 2021/01/10 v1.0c Emulation of the original atbegshi
package with kernel methods
)
\Hy@abspage=\count376
\c@Item=\count377
\c@Hfootnote=\count378
)
Package hyperref Info: Driver (autodetected): hluatex.

(c:/texlive/2024/texmf-dist/tex/latex/hyperref/hluatex.def
File: hluatex.def 2024-05-23 v7.01i Hyperref driver for luaTeX

(c:/texlive/2024/texmf-dist/tex/latex/base/atveryend-ltx.sty
Package: atveryend-ltx 2020/08/19 v1.0a Emulation of the original atveryend pac
kage
with kernel methods
)
\Fld@listcount=\count379
\c@bookmark@seq@number=\count380

(c:/texlive/2024/texmf-dist/tex/latex/rerunfilecheck/rerunfilecheck.sty
Package: rerunfilecheck 2022-07-10 v1.10 Rerun checks for auxiliary files (HO)

(c:/texlive/2024/texmf-dist/tex/generic/uniquecounter/uniquecounter.sty
Package: uniquecounter 2019/12/15 v1.4 Provide unlimited unique counter (HO)
)
Package uniquecounter Info: New unique counter `rerunfilecheck' on input line 2
85.
)
\Hy@SectionHShift=\skip155
)
Package hyperref Info: Option `colorlinks' set `true' on input line 90.
\c@theorem=\count381
\c@corollary=\count382
\c@definition=\count383
\c@remark=\count384
\c@lemma=\count385
\c@prop=\count386
\c@claim=\count387
\c@example=\count388
\c@solution=\count389
\c@innercustomthm=\count390
\c@innercustomcor=\count391
\c@innercustomlem=\count392
\c@innercustomexc=\count393
\c@innercustomdef=\count394
\c@innercustomprop=\count395
\c@innercustomprb=\count396

(c:/texlive/2024/texmf-dist/tex/latex/eso-pic/eso-pic.sty
Package: eso-pic 2023/05/03 v3.0c eso-pic (RN)
\ESO@tempdima=\dimen342
\ESO@tempdimb=\dimen343
))
(c:/texlive/2024/texmf-dist/tex/latex/pgfplots/pgfplots.sty
(c:/texlive/2024/texmf-dist/tex/generic/pgfplots/pgfplots.revision.tex)
Package: pgfplots 2021/05/15 v1.18.1 Data Visualization (1.18.1)

(c:/texlive/2024/texmf-dist/tex/generic/pgfplots/pgfplots.code.tex
(c:/texlive/2024/texmf-dist/tex/generic/pgfplots/pgfplotscore.code.tex
Package pgfplots info on input line 124: Initializing with LUA version Lua 5.3
\pgfplots@luabackend@table=\catcodetable14
\t@pgfplots@toka=\toks58
\t@pgfplots@tokb=\toks59
\t@pgfplots@tokc=\toks60
\pgfplots@tmpa=\dimen344
\c@pgfplots@coordindex=\count397
\c@pgfplots@scanlineindex=\count398

(c:/texlive/2024/texmf-dist/tex/generic/pgfplots/sys/pgfplotssysgeneric.code.te
x))
(c:/texlive/2024/texmf-dist/tex/generic/pgfplots/libs/pgfplotslibrary.code.tex)
(c:/texlive/2024/texmf-dist/tex/generic/pgfplots/oldpgfcompatib/pgfplotsoldpgfs
upp_loader.code.tex
(c:/texlive/2024/texmf-dist/tex/generic/pgf/libraries/pgflibraryfpu.code.tex)
Package pgfplots: loading complementary utilities for your pgf version...
\t@pgf@toka=\toks61
\t@pgf@tokb=\toks62
\t@pgf@tokc=\toks63

(c:/texlive/2024/texmf-dist/tex/generic/pgfplots/oldpgfcompatib/pgfplotsoldpgfs
upp_pgfutil-common-lists.tex)
(c:/texlive/2024/texmf-dist/tex/generic/pgf/libraries/luamath/pgflibraryluamath
.code.tex)
Package pgfplots info on input line 290: luamath library shipped with pgf 3.1.1
0 is up-to-date
)
(c:/texlive/2024/texmf-dist/tex/generic/pgfplots/util/pgfplotsutil.code.tex
Package pgfplots info on input line 82: Found new luatex: initializing lua comm
ands instead of write18 (shell-escape)

(c:/texlive/2024/texmf-dist/tex/generic/pgfplots/liststructure/pgfplotsliststru
cture.code.tex)
(c:/texlive/2024/texmf-dist/tex/generic/pgfplots/liststructure/pgfplotsliststru
ctureext.code.tex)
(c:/texlive/2024/texmf-dist/tex/generic/pgfplots/liststructure/pgfplotsarray.co
de.tex
\c@pgfplotsarray@tmp=\count399
)
(c:/texlive/2024/texmf-dist/tex/generic/pgfplots/liststructure/pgfplotsmatrix.c
ode.tex)
(c:/texlive/2024/texmf-dist/tex/generic/pgfplots/numtable/pgfplotstableshared.c
ode.tex
\c@pgfplotstable@counta=\count400
\t@pgfplotstable@a=\toks64
)
(c:/texlive/2024/texmf-dist/tex/generic/pgfplots/liststructure/pgfplotsdeque.co
de.tex)
(c:/texlive/2024/texmf-dist/tex/generic/pgfplots/util/pgfplotsbinary.code.tex
(c:/texlive/2024/texmf-dist/tex/generic/pgfplots/util/pgfplotsbinary.data.code.
tex))
(c:/texlive/2024/texmf-dist/tex/generic/pgfplots/util/pgfplotsutil.verb.code.te
x)
(c:/texlive/2024/texmf-dist/tex/generic/pgfplots/libs/pgflibrarypgfplots.surfsh
ading.code.tex
\c@pgfplotslibrarysurf@no=\count401

(c:/texlive/2024/texmf-dist/tex/generic/pgfplots/sys/pgflibrarypgfplots.surfsha
ding.pgfsys-luatex.def)))
(c:/texlive/2024/texmf-dist/tex/generic/pgfplots/util/pgfplotscolormap.code.tex
(c:/texlive/2024/texmf-dist/tex/generic/pgfplots/util/pgfplotscolor.code.tex))
(c:/texlive/2024/texmf-dist/tex/generic/pgfplots/pgfplotsstackedplots.code.tex) (c:/texlive/2024/texmf-dist/tex/generic/pgfplots/pgfplotsplothandlers.code.tex
(c:/texlive/2024/texmf-dist/tex/generic/pgfplots/pgfplotsmeshplothandler.code.t
ex
(c:/texlive/2024/texmf-dist/tex/generic/pgfplots/pgfplotsmeshplotimage.code.tex
))) (c:/texlive/2024/texmf-dist/tex/generic/pgfplots/pgfplots.scaling.code.tex)
(c:/texlive/2024/texmf-dist/tex/generic/pgfplots/pgfplotscoordprocessing.code.t
ex)
(c:/texlive/2024/texmf-dist/tex/generic/pgfplots/pgfplots.errorbars.code.tex)
(c:/texlive/2024/texmf-dist/tex/generic/pgfplots/pgfplots.markers.code.tex)
(c:/texlive/2024/texmf-dist/tex/generic/pgfplots/pgfplotsticks.code.tex)
(c:/texlive/2024/texmf-dist/tex/generic/pgfplots/pgfplots.paths.code.tex)
(c:/texlive/2024/texmf-dist/tex/generic/pgf/frontendlayer/tikz/libraries/tikzli
brarydecorations.pathreplacing.code.tex
(c:/texlive/2024/texmf-dist/tex/generic/pgf/libraries/decorations/pgflibrarydec
orations.pathreplacing.code.tex))
(c:/texlive/2024/texmf-dist/tex/generic/pgfplots/libs/tikzlibrarypgfplots.conto
urlua.code.tex)
\pgfplots@numplots=\count402
\pgfplots@xmin@reg=\dimen345
\pgfplots@xmax@reg=\dimen346
\pgfplots@ymin@reg=\dimen347
\pgfplots@ymax@reg=\dimen348
\pgfplots@zmin@reg=\dimen349
\pgfplots@zmax@reg=\dimen350
)
(c:/texlive/2024/texmf-dist/tex/generic/pgf/frontendlayer/tikz/libraries/tikzli
braryplotmarks.code.tex
File: tikzlibraryplotmarks.code.tex 2023-01-15 v3.1.10 (3.1.10)

(c:/texlive/2024/texmf-dist/tex/generic/pgf/libraries/pgflibraryplotmarks.code.
tex
File: pgflibraryplotmarks.code.tex 2023-01-15 v3.1.10 (3.1.10)
))) (c:/texlive/2024/texmf-dist/tex/latex/scalerel/scalerel.sty
Package: scalerel 2016/12/29 v1.8 Routines for constrained scaling and stretchi
ng of objects, relative to a reference object or in absolute terms
\thesrwidth=\skip156
\thesrheight=\skip157
\srblobheight=\skip158
\srblobdepth=\skip159
\mnxsrwidth=\skip160
\LMex=\skip161
\LMpt=\skip162
)
(c:/texlive/2024/texmf-dist/tex/latex/stackengine/stackengine.sty
Package: stackengine 2021/07/22 v4.11\ Stacking text and objects in convenient 
ways

(c:/texlive/2024/texmf-dist/tex/generic/listofitems/listofitems.sty
(c:/texlive/2024/texmf-dist/tex/generic/listofitems/listofitems.tex
\loi_cnt_foreach_nest=\count403
\loi_nestcnt=\count404
)
Package: listofitems 2024/03/09 v1.65 Grab items in lists using user-specified 
sep char (CT)
)
\c@@stackindex=\count405
\@boxshift=\skip163
\stack@tmplength=\skip164
\temp@stkl=\skip165
\@stackedboxwidth=\skip166
\@addedbox=\box133
\@anchorbox=\box134
\@insetbox=\box135
\se@backgroundbox=\box136
\stackedbox=\box137
\@centerbox=\box138
\c@ROWcellindex@=\count406
)
("./Analysis II Notes.aux")
\openout1 = Analysis II Notes.aux

LaTeX Font Info:    Checking defaults for OML/notomi/m/it on input line 26.
LaTeX Font Info:    Trying to load font information for OML+notomi on input lin
e 26.

(c:/texlive/2024/texmf-dist/tex/latex/notomath/omlnotomi.fd
File: omlnotomi.fd 2014/04/14 Fontinst v1.933 font definitions for OML/notomi.
)
LaTeX Font Info:    ... okay on input line 26.
LaTeX Font Info:    Checking defaults for OMS/cmsy/m/n on input line 26.
LaTeX Font Info:    ... okay on input line 26.
LaTeX Font Info:    Checking defaults for OT1/cmr/m/n on input line 26.
LaTeX Font Info:    ... okay on input line 26.
LaTeX Font Info:    Checking defaults for T1/cmr/m/n on input line 26.
LaTeX Font Info:    ... okay on input line 26.
LaTeX Font Info:    Checking defaults for TS1/cmr/m/n on input line 26.
LaTeX Font Info:    Trying to load font information for TS1+cmr on input line 2
6.

(c:/texlive/2024/texmf-dist/tex/latex/base/ts1cmr.fd
File: ts1cmr.fd 2023/04/13 v2.5m Standard LaTeX font definitions
)
LaTeX Font Info:    ... okay on input line 26.
LaTeX Font Info:    Checking defaults for TU/lmr/m/n on input line 26.
LaTeX Font Info:    ... okay on input line 26.
LaTeX Font Info:    Checking defaults for OMX/cmex/m/n on input line 26.
LaTeX Font Info:    ... okay on input line 26.
LaTeX Font Info:    Checking defaults for U/ntxexa/m/n on input line 26.
LaTeX Font Info:    Trying to load font information for U+ntxexa on input line 
26.

(c:/texlive/2024/texmf-dist/tex/latex/newtx/untxexa.fd
File: untxexa.fd 2012/04/16 Fontinst v1.933 font definitions for U/ntxexa.
)
LaTeX Font Info:    ... okay on input line 26.
LaTeX Font Info:    Checking defaults for LMS/ntxsy/m/n on input line 26.
LaTeX Font Info:    Trying to load font information for LMS+ntxsy on input line
 26.

(c:/texlive/2024/texmf-dist/tex/latex/newtx/lmsntxsy.fd
File: lmsntxsy.fd 2016/07/02 Fontinst v1.933 font definitions for LMS/ntxsy.
)
LaTeX Font Info:    ... okay on input line 26.
LaTeX Font Info:    Checking defaults for LMX/ntxexx/m/n on input line 26.
LaTeX Font Info:    Trying to load font information for LMX+ntxexx on input lin
e 26.

(c:/texlive/2024/texmf-dist/tex/latex/newtx/lmxntxexx.fd
File: lmxntxexx.fd 2016/07/03 Fontinst v1.933 font definitions for LMX/ntxexx.
)
LaTeX Font Info:    ... okay on input line 26.
LaTeX Font Info:    Checking defaults for PD1/pdf/m/n on input line 26.
LaTeX Font Info:    ... okay on input line 26.
LaTeX Font Info:    Checking defaults for PU/pdf/m/n on input line 26.
LaTeX Font Info:    ... okay on input line 26.
\c@mv@tabular=\count407
\c@mv@boldtabular=\count408
LaTeX Info: Command `\dddot' is already robust on input line 26.
LaTeX Info: Command `\ddddot' is already robust on input line 26.

(c:/texlive/2024/texmf-dist/tex/context/base/mkii/supp-pdf.mkii
[Loading MPS to PDF converter (version 2006.09.02).]
\scratchcounter=\count409
\scratchdimen=\dimen351
\scratchbox=\box139
\nofMPsegments=\count410
\nofMParguments=\count411
\everyMPshowfont=\toks65
\MPscratchCnt=\count412
\MPscratchDim=\dimen352
\MPnumerator=\count413
\makeMPintoPDFobject=\count414
\everyMPtoPDFconversion=\toks66
) (c:/texlive/2024/texmf-dist/tex/latex/epstopdf-pkg/epstopdf-base.sty
Package: epstopdf-base 2020-01-24 v2.11 Base part for package epstopdf
Package epstopdf-base Info: Redefining graphics rule for `.eps' on input line 4
85.

(c:/texlive/2024/texmf-dist/tex/latex/latexconfig/epstopdf-sys.cfg
File: epstopdf-sys.cfg 2010/07/13 v1.3 Configuration of (r)epstopdf for TeX Liv
e
))
*geometry* driver: auto-detecting
*geometry* detected driver: luatex
*geometry* verbose mode - [ preamble ] result:
* driver: luatex
* paper: <default>
* layout: <same size as paper>
* layoutoffset:(h,v)=(0.0pt,0.0pt)
* modes: 
* h-part:(L,W,R)=(72.26999pt, 469.75502pt, 72.26999pt)
* v-part:(T,H,B)=(72.26999pt, 650.43001pt, 72.26999pt)
* \paperwidth=614.295pt
* \paperheight=794.96999pt
* \textwidth=469.75502pt
* \textheight=650.43001pt
* \oddsidemargin=0.0pt
* \evensidemargin=0.0pt
* \topmargin=-37.0pt
* \headheight=12.0pt
* \headsep=25.0pt
* \topskip=10.0pt
* \footskip=30.0pt
* \marginparwidth=65.0pt
* \marginparsep=11.0pt
* \columnsep=10.0pt
* \skip\footins=9.0pt plus 4.0pt minus 2.0pt
* \hoffset=0.0pt
* \voffset=0.0pt
* \mag=1000
* \@twocolumnfalse
* \@twosidefalse
* \@mparswitchfalse
* \@reversemarginfalse
* (1in=72.27pt=25.4mm, 1cm=28.453pt)

\c@lstlisting=\count415
Package caption Info: Begin \AtBeginDocument code.
Package caption Info: hyperref package is loaded.
Package caption Info: End \AtBeginDocument code.
Package hyperref Info: Link coloring ON on input line 26.
("./Analysis II Notes.out") ("./Analysis II Notes.out")
\@outlinefile=\write4

\openout4 = Analysis II Notes.out

Package pgfplots notification 'compat/show suggested version=true': document ha
s been generated with the most recent feature set (\pgfplotsset{compat=1.18}).

LaTeX Font Info:    Trying to load font information for OT1+NotoSerif-TLF on in
put line 28.
(c:/texlive/2024/texmf-dist/tex/latex/noto/OT1NotoSerif-TLF.fd
File: OT1NotoSerif-TLF.fd 2021/09/07 (autoinst) Font definitions for OT1/NotoSe
rif-TLF.
)
LaTeX Font Info:    Font shape `OT1/NotoSerif-TLF/m/n' will be
(Font)              scaled to size 10.79993pt on input line 28.
LaTeX Font Info:    Font shape `OT1/NotoSerif-TLF/m/n' will be
(Font)              scaled to size 7.91994pt on input line 28.
LaTeX Font Info:    Font shape `OT1/NotoSerif-TLF/m/n' will be
(Font)              scaled to size 5.93996pt on input line 28.
LaTeX Font Info:    Font shape `OML/notomi/m/it' will be
(Font)              scaled to size 12.0pt on input line 28.
LaTeX Font Info:    Font shape `OML/notomi/m/it' will be
(Font)              scaled to size 8.8pt on input line 28.
LaTeX Font Info:    Font shape `OML/notomi/m/it' will be
(Font)              scaled to size 6.6pt on input line 28.
LaTeX Font Info:    Trying to load font information for U+ntxmia on input line 
28.

(c:/texlive/2024/texmf-dist/tex/latex/newtx/untxmia.fd
File: untxmia.fd 2024/04/09 Fontinst v1.933 font definitions for U/ntxmia.
)
LaTeX Font Info:    Font shape `U/ntxmia/m/it' will be
(Font)              scaled to size 12.0pt on input line 28.
LaTeX Font Info:    Font shape `U/ntxmia/m/it' will be
(Font)              scaled to size 8.8pt on input line 28.
LaTeX Font Info:    Font shape `U/ntxmia/m/it' will be
(Font)              scaled to size 6.6pt on input line 28.
LaTeX Font Info:    Trying to load font information for U+ntxsym on input line 
28.

(c:/texlive/2024/texmf-dist/tex/latex/newtx/untxsym.fd
File: untxsym.fd 2023/08/16 Fontinst v1.933 font definitions for U/ntxsym.
)
LaTeX Font Info:    Font shape `U/ntxsym/m/n' will be
(Font)              scaled to size 12.0pt on input line 28.
LaTeX Font Info:    Font shape `U/ntxsym/m/n' will be
(Font)              scaled to size 8.8pt on input line 28.
LaTeX Font Info:    Font shape `U/ntxsym/m/n' will be
(Font)              scaled to size 6.6pt on input line 28.
LaTeX Font Info:    Trying to load font information for U+ntxsyc on input line 
28.

(c:/texlive/2024/texmf-dist/tex/latex/newtx/untxsyc.fd
File: untxsyc.fd 2012/04/12 Fontinst v1.933 font definitions for U/ntxsyc.
)
LaTeX Font Info:    Font shape `U/ntxsyc/m/n' will be
(Font)              scaled to size 12.0pt on input line 28.
LaTeX Font Info:    Font shape `U/ntxsyc/m/n' will be
(Font)              scaled to size 8.8pt on input line 28.
LaTeX Font Info:    Font shape `U/ntxsyc/m/n' will be
(Font)              scaled to size 6.6pt on input line 28.
LaTeX Font Info:    Font shape `U/ntxexa/m/n' will be
(Font)              scaled to size 12.0pt on input line 28.
LaTeX Font Info:    Font shape `U/ntxexa/m/n' will be
(Font)              scaled to size 8.8pt on input line 28.
LaTeX Font Info:    Font shape `U/ntxexa/m/n' will be
(Font)              scaled to size 6.6pt on input line 28.
LaTeX Font Info:    Trying to load font information for U+msa on input line 28.


(c:/texlive/2024/texmf-dist/tex/latex/amsfonts/umsa.fd
File: umsa.fd 2013/01/14 v3.01 AMS symbols A
)
LaTeX Font Info:    Trying to load font information for U+msb on input line 28.


(c:/texlive/2024/texmf-dist/tex/latex/amsfonts/umsb.fd
File: umsb.fd 2013/01/14 v3.01 AMS symbols B
)
("./Analysis II Notes.toc"
LaTeX Font Info:    Font shape `OT1/NotoSerif-TLF/m/n' will be
(Font)              scaled to size 8.99994pt on input line 2.
LaTeX Font Info:    Font shape `OT1/NotoSerif-TLF/m/n' will be
(Font)              scaled to size 6.56995pt on input line 2.
LaTeX Font Info:    Font shape `OT1/NotoSerif-TLF/m/n' will be
(Font)              scaled to size 4.94997pt on input line 2.
LaTeX Font Info:    Font shape `OML/notomi/m/it' will be
(Font)              scaled to size 10.0pt on input line 2.
LaTeX Font Info:    Font shape `OML/notomi/m/it' will be
(Font)              scaled to size 7.3pt on input line 2.
LaTeX Font Info:    Font shape `OML/notomi/m/it' will be
(Font)              scaled to size 5.5pt on input line 2.
LaTeX Font Info:    Font shape `U/ntxmia/m/it' will be
(Font)              scaled to size 10.0pt on input line 2.
LaTeX Font Info:    Font shape `U/ntxmia/m/it' will be
(Font)              scaled to size 7.3pt on input line 2.
LaTeX Font Info:    Font shape `U/ntxmia/m/it' will be
(Font)              scaled to size 5.5pt on input line 2.
LaTeX Font Info:    Font shape `U/ntxsym/m/n' will be
(Font)              scaled to size 10.0pt on input line 2.
LaTeX Font Info:    Font shape `U/ntxsym/m/n' will be
(Font)              scaled to size 7.3pt on input line 2.
LaTeX Font Info:    Font shape `U/ntxsym/m/n' will be
(Font)              scaled to size 5.5pt on input line 2.
LaTeX Font Info:    Font shape `U/ntxsyc/m/n' will be
(Font)              scaled to size 10.0pt on input line 2.
LaTeX Font Info:    Font shape `U/ntxsyc/m/n' will be
(Font)              scaled to size 7.3pt on input line 2.
LaTeX Font Info:    Font shape `U/ntxsyc/m/n' will be
(Font)              scaled to size 5.5pt on input line 2.
LaTeX Font Info:    Font shape `U/ntxexa/m/n' will be
(Font)              scaled to size 10.0pt on input line 2.
LaTeX Font Info:    Font shape `U/ntxexa/m/n' will be
(Font)              scaled to size 7.3pt on input line 2.
LaTeX Font Info:    Font shape `U/ntxexa/m/n' will be
(Font)              scaled to size 5.5pt on input line 2.


[1

{c:/texlive/2024/texmf-var/fonts/map/pdftex/updmap/pdftex.map}])
\tf@toc=\write5

\openout5 = Analysis II Notes.toc


LaTeX Font Info:    Font shape `TU/NotoSerif(1)/m/sl' in size <10> not availabl
e
(Font)              Font shape `TU/NotoSerif(1)/m/it' tried instead on input li
ne 31.
[2]

Package hyperref Warning: Difference (2) between bookmark levels is greater 
(hyperref)                than one, level fixed on input line 35.


LaTeX Warning: `!h' float specifier changed to `!ht'.



[3]
Package pgfplots info on input line 99: Deactivating LUA version of plot expres
sion for plot 0 (type 'pgfplothandlerlineto'): y expression '\n {5}' contains a
 TeX macro.
Package pgfplots info on input line 100: Deactivating LUA version of plot expre
ssion for plot 1 (type 'pgfplothandlerlineto'): y expression '\n {25}' contains
 a TeX macro.


[4]

Package hyperref Warning: Difference (2) between bookmark levels is greater 
(hyperref)                than one, level fixed on input line 114.



[5]

Package hyperref Warning: Difference (2) between bookmark levels is greater 
(hyperref)                than one, level fixed on input line 126.

LaTeX Font Info:    Font shape `OT1/NotoSerif-TLF/m/n' will be
(Font)              scaled to size 7.19995pt on input line 135.
LaTeX Font Info:    Font shape `OT1/NotoSerif-TLF/m/n' will be
(Font)              scaled to size 5.57996pt on input line 135.
LaTeX Font Info:    Font shape `OML/notomi/m/it' will be
(Font)              scaled to size 8.0pt on input line 135.
LaTeX Font Info:    Font shape `OML/notomi/m/it' will be
(Font)              scaled to size 6.2pt on input line 135.
LaTeX Font Info:    Font shape `U/ntxmia/m/it' will be
(Font)              scaled to size 8.0pt on input line 135.
LaTeX Font Info:    Font shape `U/ntxmia/m/it' will be
(Font)              scaled to size 6.2pt on input line 135.
LaTeX Font Info:    Font shape `U/ntxsym/m/n' will be
(Font)              scaled to size 8.0pt on input line 135.
LaTeX Font Info:    Font shape `U/ntxsym/m/n' will be
(Font)              scaled to size 6.2pt on input line 135.
LaTeX Font Info:    Font shape `U/ntxsyc/m/n' will be
(Font)              scaled to size 8.0pt on input line 135.
LaTeX Font Info:    Font shape `U/ntxsyc/m/n' will be
(Font)              scaled to size 6.2pt on input line 135.
LaTeX Font Info:    Font shape `U/ntxexa/m/n' will be
(Font)              scaled to size 8.0pt on input line 135.
LaTeX Font Info:    Font shape `U/ntxexa/m/n' will be
(Font)              scaled to size 6.2pt on input line 135.


[6]

[7]

[8]
LaTeX Font Info:    Font shape `OT1/NotoSerif-TLF/m/n' will be
(Font)              scaled to size 12.9599pt on input line 245.
LaTeX Font Info:    Font shape `OT1/NotoSerif-TLF/m/n' will be
(Font)              scaled to size 9.44994pt on input line 245.
LaTeX Font Info:    Font shape `OT1/NotoSerif-TLF/m/n' will be
(Font)              scaled to size 7.10994pt on input line 245.
LaTeX Font Info:    Font shape `OML/notomi/m/it' will be
(Font)              scaled to size 14.4pt on input line 245.
LaTeX Font Info:    Font shape `OML/notomi/m/it' will be
(Font)              scaled to size 10.5pt on input line 245.
LaTeX Font Info:    Font shape `OML/notomi/m/it' will be
(Font)              scaled to size 7.9pt on input line 245.
LaTeX Font Info:    Font shape `U/ntxmia/m/it' will be
(Font)              scaled to size 14.4pt on input line 245.
LaTeX Font Info:    Font shape `U/ntxmia/m/it' will be
(Font)              scaled to size 10.5pt on input line 245.
LaTeX Font Info:    Font shape `U/ntxmia/m/it' will be
(Font)              scaled to size 7.9pt on input line 245.
LaTeX Font Info:    Font shape `U/ntxsym/m/n' will be
(Font)              scaled to size 14.4pt on input line 245.
LaTeX Font Info:    Font shape `U/ntxsym/m/n' will be
(Font)              scaled to size 10.5pt on input line 245.
LaTeX Font Info:    Font shape `U/ntxsym/m/n' will be
(Font)              scaled to size 7.9pt on input line 245.
LaTeX Font Info:    Font shape `U/ntxsyc/m/n' will be
(Font)              scaled to size 14.4pt on input line 245.
LaTeX Font Info:    Font shape `U/ntxsyc/m/n' will be
(Font)              scaled to size 10.5pt on input line 245.
LaTeX Font Info:    Font shape `U/ntxsyc/m/n' will be
(Font)              scaled to size 7.9pt on input line 245.
LaTeX Font Info:    Font shape `U/ntxexa/m/n' will be
(Font)              scaled to size 14.4pt on input line 245.
LaTeX Font Info:    Font shape `U/ntxexa/m/n' will be
(Font)              scaled to size 10.5pt on input line 245.
LaTeX Font Info:    Font shape `U/ntxexa/m/n' will be
(Font)              scaled to size 7.9pt on input line 245.


Package hyperref Warning: Difference (2) between bookmark levels is greater 
(hyperref)                than one, level fixed on input line 246.

LaTeX Font Info:    Trying to load font information for U+eus on input line 262
.
(c:/texlive/2024/texmf-dist/tex/latex/amsfonts/ueus.fd
File: ueus.fd 2013/01/14 v3.01 Euler Script
)

[9
warning  (pdf backend): ignoring duplicate destination with the name 'equation.0
.16'
]
Overfull \hbox (8.05843pt too wide) in paragraph at lines 303--304
\TU/NotoSerif(1)/m/n/10 of this state-ment fol-lows from the uni-form bound-ed-n
esss and a Cantor-diagonalization-
 []



[10]

[11]

[12]

Package hyperref Warning: Difference (2) between bookmark levels is greater 
(hyperref)                than one, level fixed on input line 412.



[13]

[14]

Package hyperref Warning: Difference (2) between bookmark levels is greater 
(hyperref)                than one, level fixed on input line 492.



[15]

[16]

[17]

Package hyperref Warning: Difference (2) between bookmark levels is greater 
(hyperref)                than one, level fixed on input line 616.



[18]

[19]

[20]

[21]

[22]
Overfull \hbox (24.29512pt too wide) in paragraph at lines 879--881
\TU/NotoSerif(1)/m/n/10 proof of (1)). Hence, by the Dom-i-nated Con-ver-gence 
The-o-rem, we con-clude that $[][] [][] \U/MnSymbolD/m/n/10 ^^@
 []



[23]

Package hyperref Warning: Difference (2) between bookmark levels is greater 
(hyperref)                than one, level fixed on input line 895.


Overfull \hbox (2.8819pt too wide) in paragraph at lines 895--896
\TU/NotoSerif(1)/m/n/10 (1) Fourier Trans-form, (2) Fourier In-ver-sion The-o-re
m, (3) Riemann-Lebesgue Lemma, (4) Plancherel’s
 []

\tmpboxcontent=\box140


[24]

[25]

[26]

[27]

Package hyperref Warning: Difference (2) between bookmark levels is greater 
(hyperref)                than one, level fixed on input line 1077.



[28]

[29]

Package hyperref Warning: Difference (2) between bookmark levels is greater 
(hyperref)                than one, level fixed on input line 1168.



[30]

[31] ("./Analysis II Notes.aux")
 ***********
LaTeX2e <2024-06-01> patch level 2
L3 programming layer <2024-05-27>
 ***********
Package rerunfilecheck Info: File `"Analysis II Notes".out' has not changed.
(rerunfilecheck)             Checksum: <no file>.
)

Here is how much of LuaTeX's memory you used:
 49512 strings out of 475915
 125126,1977958 words of node,token memory allocated
 4109 words of node memory still in use:
   34 hlist, 5 vlist, 4 rule, 8 math, 26 glue, 22 kern, 192 glyph, 352 attribute
, 110 glue_spec, 352 attribute_list, 2 write nodes
   avail lists: 2:1253,3:907,4:363,5:722,6:140,7:7272,8:79,9:1517,10:8,11:327
 70464 multiletter control sequences out of 65536+600000
 381 fonts using 39816263 bytes
 101i,25n,147p,941b,2471s stack positions out of 10000i,1000n,20000p,200000b,200000s
{c:/texlive/2024/texmf-dist/fonts/enc/dvips/mnsymbol/MnSymbolS.enc}{c:/texlive/2
024/texmf-dist/fonts/enc/dvips/mnsymbol/MnSymbolE.enc}{c:/texlive/2024/texmf-dis
t/fonts/enc/dvips/mnsymbol/MnSymbolF.enc}{c:/texlive/2024/texmf-dist/fonts/enc/d
vips/mnsymbol/MnSymbolC.enc}{c:/texlive/2024/texmf-dist/fonts/enc/dvips/mnsymbol
/MnSymbolA.enc}{c:/texlive/2024/texmf-dist/fonts/enc/dvips/mnsymbol/MnSymbolD.en
c}<c:/texlive/2024/texmf-dist/fonts/truetype/google/noto/NotoSerif-Italic.ttf>{c
:/texlive/2024/texmf-dist/fonts/enc/dvips/noto/a_wcjgjy.enc}<c:/texlive/2024/tex
mf-dist/fonts/truetype/google/noto/NotoSerif-Bold.ttf><c:/texlive/2024/texmf-dis
t/fonts/truetype/google/noto/NotoSerif-Regular.ttf><c:/texlive/2024/texmf-dist/f
onts/type1/public/mnsymbol/MnSymbol10.pfb><c:/texlive/2024/texmf-dist/fonts/type
1/public/mnsymbol/MnSymbol12.pfb><c:/texlive/2024/texmf-dist/fonts/type1/public/
mnsymbol/MnSymbol5.pfb><c:/texlive/2024/texmf-dist/fonts/type1/public/mnsymbol/M
nSymbol7.pfb><c:/texlive/2024/texmf-dist/fonts/type1/public/notomath/NotoMathMI.
pfb><c:/texlive/2024/texmf-dist/fonts/type1/public/notomath/NotoMathRM.pfb><c:/t
exlive/2024/texmf-dist/fonts/type1/google/noto/NotoSerif-Regular.pfb><c:/texlive
/2024/texmf-dist/fonts/type1/public/amsfonts/euler/eusm10.pfb><c:/texlive/2024/t
exmf-dist/fonts/type1/public/amsfonts/euler/eusm7.pfb><c:/texlive/2024/texmf-dis
t/fonts/type1/public/newtx/txmiaX.pfb><c:/texlive/2024/texmf-dist/fonts/type1/pu
blic/newtx/txsym.pfb>
Output written on Analysis II Notes.pdf (31 pages, 349174 bytes).

PDF statistics: 650 PDF objects out of 1000 (max. 8388607)
 591 compressed objects within 6 object streams
 274 named destinations out of 1000 (max. 131072)
 320 words of extra memory for PDF output out of 10000 (max. 100000000)

